Airport,CLT
Airport,STL
Airport,SAV
Airport,GRR
Airport,DTW
Airport,SNA
Airport,ATW
Airport,LAX
Airport,ORD
Airport,SAN
Airport,PBI
Airport,DFW
Airport,PHL
Airport,des
Airport,JFK
Airport,CHS
Airport,SJC
Airport,MSP
Airport,OKC
Airport,MKE
Airport,ori
Airport,LGA
Airport,BOS
Airport,MIA
Airport,DAB
Airport,RDU
Airport,DCA
Airport,MDW
Airport,EWR
Airport,AUS
Airport,BUR
Airport,DSM
Airport,SFO
Airport,ATL
Airport,OAK
Airport,MCO
Airport,ALB
Airport,BNA
Airport,MEM
Airport,MCI
Airport,IAH
Airport,HOU
Airport,DEN
Airport,IAD
Airport,SMF
ArrDelayed,dep_ATL_r8
ArrDelayed,dep_ATL_r12
ArrDelayed,dep_BNA_r3
ArrDelayed,dep_BNA_r1
ArrDelayed,dep_car_r7
ArrDelayed,dep_car_r4
ArrDelayed,dep_car_r3
ArrDelayed,dep_car_r1
ArrDelayed,dep_CLT_r2
ArrDelayed,dep_CLT_r3
ArrDelayed,dep_CLT_r4
ArrDelayed,dep_CLT_r5
ArrDelayed,dep_ATL_r2
ArrDelayed,dep_ATL_r10
ArrDelayed,dep_BNA_r4
ArrDelayed,dep_CLT_r1
ArrDelayed,dep
ArrDelayed,dep_DL_ori_r2
ArrOnTime,dep_ATL_r9
ArrOnTime,dep_BNA_r2
ArrOnTime,dep_ATL_r11
ArrOnTime,dep_ATL_r13
ArrOnTime,dep_car_r8
ArrOnTime,dep_car_r9
ArrOnTime,dep_car_r6
ArrOnTime,dep_car_r5
ArrOnTime,dep_car_r2
ArrOnTime,dep_ATL_r1
ArrOnTime,dep_DL_ori_r1
ArrOnTime,dep_car_r10
ArrOnTime,dep_SAV_r1
ArrOnTime,dep_BNA_r5
ArrOnTime,dep_SAV_r2
ArrOnTime,dep_ATL_r3
ArrOnTime,dep_SAV_r3
ArrOnTime,dep_DL_ori_r4
ArrOnTime,dep_ATL_r4
ArrOnTime,dep_ATL_r5
ArrOnTime,dep_DL_ori_r5
ArrOnTime,dep_ATL_r6
ArrOnTime,dep_ATL_r7
ArrOnTime,dep_DL_ori_r3
Carrier,X
Carrier,MU
Carrier,DL
Carrier,EM
Carrier,FL
Carrier,VX
Carrier,AA
Carrier,NK
Carrier,WN
Carrier,B6
Carrier,car
Carrier,F9
Carrier,EV
Carrier,Y
Carrier,UA
Carrier,CO
Carrier,EQ
CarrierDelay,dep_ATL_r12
CarrierDelay,dep_ATL_r2
CarrierDelay,dep_BNA_r4
CarrierDelay,dep_CLT_r1
CarrierDelay,dep
CarrierDelay,dep_car_r3
CarrierDelay,dep_DL_ori_r2
City,Memphis
City,Denver
City,Albany
City,Austin
City,Atlanta
City,Orlando
City,St._Louis
City,Grand_Rapids
City,Charlotte
City,Charleston
City,Daytona_Beach
City,Los_Angeles
City,Fort_Worth
City,Des_Moines
City,Nashville
City,Kansas_City
City,West_Palm_Beach
City,New_York
City,Appleton
City,Houston
City,Boston
City,Dallas
City,Chicago
City,San_Francisco
City,Savannah
City,Washington
City,Minneapolis
City,Miami
City,Palm_Beach
CloudWeather,wea_des
CloudWeather,wea_ori
DelayType,dep_car_r1
DelayType,dep_ATL_r12
DelayType,dep_CLT_r2
DelayType,dep_CLT_r4
DelayType,dep_CLT_r5
DelayType,dep_car_r7
DelayType,dep_ATL_r2
DelayType,dep_BNA_r4
DelayType,dep_CLT_r1
DelayType,dep
DelayType,dep_car_r3
DelayType,dep_DL_ori_r2
DepDelayed,dep_ATL_r9
DepDelayed,dep_ATL_r12
DepDelayed,dep_BNA_r2
DepDelayed,dep_BNA_r1
DepDelayed,dep_car_r8
DepDelayed,dep_car_r7
DepDelayed,dep_car_r4
DepDelayed,dep_car_r3
DepDelayed,dep_car_r5
DepDelayed,dep_car_r1
DepDelayed,dep_CLT_r2
DepDelayed,dep_CLT_r3
DepDelayed,dep_ATL_r2
DepDelayed,dep_ATL_r10
DepDelayed,dep_BNA_r4
DepDelayed,dep_CLT_r1
DepDelayed,dep_DL_ori_r4
DepDelayed,dep_ATL_r4
DepDelayed,dep
DepDelayed,dep_DL_ori_r2
DepDelayed,dep_ATL_r7
DepOnTime,dep_ATL_r8
DepOnTime,dep_BNA_r3
DepOnTime,dep_ATL_r11
DepOnTime,dep_ATL_r13
DepOnTime,dep_car_r9
DepOnTime,dep_car_r6
DepOnTime,dep_car_r2
DepOnTime,dep_CLT_r4
DepOnTime,dep_CLT_r5
DepOnTime,dep_ATL_r1
DepOnTime,dep_DL_ori_r1
DepOnTime,dep_car_r10
DepOnTime,dep_SAV_r1
DepOnTime,dep_BNA_r5
DepOnTime,dep_SAV_r2
DepOnTime,dep_ATL_r3
DepOnTime,dep_SAV_r3
DepOnTime,dep_ATL_r5
DepOnTime,dep_DL_ori_r5
DepOnTime,dep_ATL_r6
DepOnTime,dep_DL_ori_r3
Departure,dep_BNA_r3
Departure,dep_BNA_r2
Departure,dep_BNA_r1
Departure,dep_car_r2
Departure,dep_car_r1
Departure,dep_ATL_r1
Departure,dep_DL_ori_r1
Departure,dep_ATL_r2
Departure,dep_car_r10
Departure,dep_SAV_r1
Departure,dep_ATL_r10
Departure,dep_ATL_r3
Departure,dep_SAV_r2
Departure,dep_SAV_r3
Departure,dep_DL_ori_r4
Departure,dep
Departure,dep_ATL_r4
Departure,dep_ATL_r5
Departure,dep_DL_ori_r5
Departure,dep_DL_ori_r2
Departure,dep_ATL_r6
Departure,dep_ATL_r7
Departure,dep_DL_ori_r3
Departure,dep_ATL_r8
Departure,dep_ATL_r9
Departure,dep_ATL_r12
Departure,dep_ATL_r11
Departure,dep_ATL_r13
Departure,dep_car_r8
Departure,dep_car_r7
Departure,dep_car_r9
Departure,dep_car_r4
Departure,dep_car_r3
Departure,dep_car_r6
Departure,dep_car_r5
Departure,dep_CLT_r2
Departure,dep_CLT_r3
Departure,dep_CLT_r4
Departure,dep_CLT_r5
Departure,dep_BNA_r5
Departure,dep_BNA_r4
Departure,dep_CLT_r1
Destination,DFW
Destination,des
Flight,B6_50
Flight,DL_2033
Flight,DL_1281
Flight,DL_2199
Flight,AA_2069
Flight,DL_2256
Flight,DL_1983
Flight,DL_812
Flight,WN_596
Flight,WN_4642
Flight,DL_1998
Flight,DL_1810
Flight,WN_2786
Flight,DL_2448
Flight,EV_3963
Flight,EV_5461
Flight,AA_2055
Flight,AA_622
Flight,DL_1093
Flight,AA_725
Flight,DL_151
Flight,DL_1532
Flight,DL_1992
Flight,DL_2181
Flight,DL_370
Flight,DL_1691
Flight,AA_1739
Flight,DL_765
Flight,DL_1407
Flight,DL_1649
Flight,EV_5591
Flight,WN_3280
Flight,DL_2439
GeoLocation,Memphis
GeoLocation,CLT
GeoLocation,STL
GeoLocation,Albany
GeoLocation,Austin
GeoLocation,S_FL
GeoLocation,ATW
GeoLocation,Orlando
GeoLocation,LAX
GeoLocation,Grand_Rapids
GeoLocation,Charlotte
GeoLocation,S_NY
GeoLocation,Charleston
GeoLocation,S_NC
GeoLocation,Daytona_Beach
GeoLocation,PBI
GeoLocation,DFW
GeoLocation,des
GeoLocation,S_NJ
GeoLocation,Fort_Worth
GeoLocation,JFK
GeoLocation,CHS
GeoLocation,Des_Moines
GeoLocation,MSP
GeoLocation,MKE
GeoLocation,OKC
GeoLocation,ori
GeoLocation,DAB
GeoLocation,RDU
GeoLocation,S_CO
GeoLocation,Appleton
GeoLocation,EWR
GeoLocation,BUR
GeoLocation,Houston
GeoLocation,SFO
GeoLocation,Boston
GeoLocation,ATL
GeoLocation,Dallas
GeoLocation,MCO
GeoLocation,Chicago
GeoLocation,ALB
GeoLocation,S_SC
GeoLocation,BNA
GeoLocation,S_WI
GeoLocation,MCI
GeoLocation,Minneapolis
GeoLocation,Miami
GeoLocation,Palm_Beach
GeoLocation,S_CA
GeoLocation,DEN
GeoLocation,S_GA
GeoLocation,Denver
GeoLocation,S_TX
GeoLocation,Atlanta
GeoLocation,SAV
GeoLocation,GRR
GeoLocation,DTW
GeoLocation,SNA
GeoLocation,ORD
GeoLocation,St._Louis
GeoLocation,SAN
GeoLocation,PHL
GeoLocation,Los_Angeles
GeoLocation,S_DC
GeoLocation,S_TN
GeoLocation,SJC
GeoLocation,Nashville
GeoLocation,West_Palm_Beach
GeoLocation,Kansas_City
GeoLocation,S_MN
GeoLocation,LGA
GeoLocation,BOS
GeoLocation,MIA
GeoLocation,New_York
GeoLocation,S_IL
GeoLocation,S_MO
GeoLocation,DCA
GeoLocation,MDW
GeoLocation,AUS
GeoLocation,DSM
GeoLocation,S_MA
GeoLocation,OAK
GeoLocation,San_Francisco
GeoLocation,Savannah
GeoLocation,MEM
GeoLocation,Washington
GeoLocation,S_MI
GeoLocation,IAH
GeoLocation,HOU
GeoLocation,S_IA
GeoLocation,IAD
GeoLocation,SMF
LateAircraftDelay,dep_car_r1
LateAircraftDelay,dep
NASDelay,dep_car_r1
NASDelay,dep_ATL_r12
NASDelay,dep_CLT_r4
NASDelay,dep_CLT_r5
NASDelay,dep_car_r7
NASDelay,dep_ATL_r2
NASDelay,dep_BNA_r4
NASDelay,dep_CLT_r1
NASDelay,dep_car_r3
NASDelay,dep_DL_ori_r2
Origin,ATL
Origin,ori
PartlyCloudy,wea_des
PartlyCloudy,wea_ori
State,S_TX
State,S_FL
State,S_MN
State,S_IL
State,S_MO
State,S_CO
State,S_NY
State,S_NC
State,S_MA
State,S_SC
State,S_WI
State,S_MI
State,S_DC
State,S_CA
State,S_IA
State,S_GA
State,S_TN
Weather,wea_des
Weather,wea_ori
WeatherDelay,dep_CLT_r2
Airport,LEX
Airport,LAS
Airport,SDF
Airport,BWI
Airport,BMI
Airport,DAL
Airport,FLL
Airport,SAT
Airport,ABE
Airport,BUF
Airport,ABQ
Airport,PHF
Airport,ROC
Airport,SEA
Airport,SYR
ArrDelayed,dep_car_r2
ArrDelayed,dep_ATL_r3
ArrDelayed,dep_car_r9
ArrDelayed,dep_ATL_r4
ArrDelayed,dep_DL_ori_r3
ArrOnTime,dep_BNA_r3
ArrOnTime,dep_BNA_r1
ArrOnTime,dep_car_r1
ArrOnTime,dep_ATL_r2
ArrOnTime,dep_ATL_r10
ArrOnTime,dep
ArrOnTime,dep_SAV_r4
ArrOnTime,dep_DL_ori_r2
ArrOnTime,dep_ATL_r8
ArrOnTime,dep_ATL_r12
ArrOnTime,dep_car_r7
ArrOnTime,dep_car_r4
ArrOnTime,dep_car_r3
ArrOnTime,dep_CLT_r3
ArrOnTime,dep_CLT_r4
ArrOnTime,dep_CLT_r5
ArrOnTime,dep_BNA_r4
ArrOnTime,dep_CLT_r1
CarrierDelay,dep_ATL_r3
CarrierDelay,dep_car_r9
CarrierDelay,dep_ATL_r4
CarrierDelay,dep_DL_ori_r3
City,Newport_News
City,Buffalo
City,Las_Vegas
City,Williamsburg
City,Fort_Lauderdale
City,San_Antonio
City,Syracuse
City,Rochester
City,Easton
City,Bloomington
City,Oakland
City,Baltimore
City,Durham
City,Allentown
City,Bethlehem
City,Normal
City,Raleigh
City,Albuquerque
City,Seattle
City,Louisville
City,Lexington
DelayType,dep_ATL_r3
DelayType,dep_car_r9
DelayType,dep_ATL_r4
DelayType,dep_DL_ori_r3
DepDelayed,dep_ATL_r8
DepDelayed,dep_car_r9
DepDelayed,dep_car_r2
DepDelayed,dep_CLT_r5
DepDelayed,dep_ATL_r3
DepDelayed,dep_DL_ori_r3
DepOnTime,dep_BNA_r2
DepOnTime,dep_BNA_r1
DepOnTime,dep_car_r1
DepOnTime,dep_ATL_r2
DepOnTime,dep_DL_ori_r4
DepOnTime,dep_SAV_r4
DepOnTime,dep_DL_ori_r2
DepOnTime,dep_ATL_r7
DepOnTime,dep_car_r8
DepOnTime,dep_car_r7
DepOnTime,dep_car_r4
DepOnTime,dep_car_r3
DepOnTime,dep_car_r5
DepOnTime,dep_CLT_r2
DepOnTime,dep_CLT_r3
Departure,dep_SAV_r4
Flight,DL_2115
Flight,DL_2599
Flight,WN_611
Flight,UA_829
Flight,EV_5608
Flight,DL_1265
Flight,DL_1584
Flight,DL_698
Flight,AA_1827
Flight,DL_1514
Flight,DL_2208
Flight,DL_2683
Flight,EV_5412
Flight,EV_4260
Flight,DL_2006
Flight,WN_2931
Flight,DL_1554
Flight,DL_1752
Flight,DL_1553
Flight,DL_1135
Flight,DL_1153
Flight,DL_1230
Flight,DL_2184
Flight,WN_2915
Flight,AA_1938
Flight,DL_4
Flight,AA_1858
Flight,AA_1737
Flight,DL_1109
Flight,DL_1824
Flight,WN_2698
Flight,AA_2063
Flight,EV_5134
GeoLocation,Newport_News
GeoLocation,Buffalo
GeoLocation,Las_Vegas
GeoLocation,LAS
GeoLocation,BWI
GeoLocation,Rochester
GeoLocation,Easton
GeoLocation,Oakland
GeoLocation,Baltimore
GeoLocation,S_KY
GeoLocation,BMI
GeoLocation,Raleigh
GeoLocation,Normal
GeoLocation,Albuquerque
GeoLocation,Lexington
GeoLocation,DAL
GeoLocation,FLL
GeoLocation,ABE
GeoLocation,BUF
GeoLocation,ABQ
GeoLocation,PHF
GeoLocation,S_VA
GeoLocation,S_MD
GeoLocation,Seattle
GeoLocation,SEA
GeoLocation,LEX
GeoLocation,S_NV
GeoLocation,S_WA
GeoLocation,Syracuse
GeoLocation,SDF
GeoLocation,Bloomington
GeoLocation,S_NM
GeoLocation,SAT
GeoLocation,Williamsburg
GeoLocation,Fort_Lauderdale
GeoLocation,San_Antonio
GeoLocation,S_PA
GeoLocation,ROC
GeoLocation,Durham
GeoLocation,Allentown
GeoLocation,Bethlehem
GeoLocation,Louisville
GeoLocation,SYR
State,S_KY
State,S_NV
State,S_VA
State,S_WA
State,S_MD
State,S_PA
State,S_NM
Airport,TPA
Airport,FNT
Airport,PDX
Airport,GSO
Airport,SHV
Airport,MSY
Airport,AGS
ArrDelayed,dep_SAV_r1
ArrDelayed,dep_SAV_r3
ArrDelayed,dep_SAV_r4
ArrDelayed,dep_SAV_r5
ArrOnTime,dep_CLT_r2
Carrier,MQ
Carrier,OO
Carrier,US
CarrierDelay,dep_SAV_r1
CarrierDelay,dep_SAV_r3
City,San_Diego
City,Milwaukee
City,Portland
City,Flint
City,High_Point
City,New_Orleans
City,Augusta
City,Tampa
City,Newark
City,Greensboro
City,Detroit
City,Shreveport
Clear,wea_des
Clear,wea_ori
DelayType,dep_SAV_r1
DelayType,dep_SAV_r3
DelayType,dep_SAV_r4
DelayType,dep_SAV_r5
DepDelayed,dep_CLT_r4
DepDelayed,dep_SAV_r1
DepDelayed,dep_SAV_r3
DepDelayed,dep_SAV_r4
DepDelayed,dep_ATL_r5
DepDelayed,dep_SAV_r5
DepOnTime,dep_ATL_r10
DepOnTime,dep
DepOnTime,dep_ATL_r9
DepOnTime,dep_ATL_r12
DepOnTime,dep_BNA_r4
Departure,dep_SAV_r5
Flight,EV_5544
Flight,MQ_3461
Flight,DL_2035
Flight,DL_2039
Flight,EV_5749
Flight,DL_1862
Flight,WN_4646
Flight,DL_1785
Flight,US_725
Flight,DL_1188
Flight,DL_1682
Flight,DL_1461
Flight,DL_830
Flight,DL_1875
Flight,EV_3844
Flight,OO_4710
Flight,EV_4415
Flight,DL_1195
Flight,EV_6005
Flight,MQ_3131
Flight,DL_1390
Flight,DL_474
Flight,DL_1770
Flight,US_2069
Flight,US_2063
Flight,DL_744
Flight,DL_1787
Flight,DL_503
Flight,US_1853
Flight,DL_902
Flight,DL_825
Flight,US_1972
Flight,DL_408
GeoLocation,San_Diego
GeoLocation,Milwaukee
GeoLocation,High_Point
GeoLocation,FNT
GeoLocation,S_OR
GeoLocation,PDX
GeoLocation,GSO
GeoLocation,Greensboro
GeoLocation,MSY
GeoLocation,Shreveport
GeoLocation,AGS
GeoLocation,TPA
GeoLocation,Portland
GeoLocation,S_LA
GeoLocation,Flint
GeoLocation,New_Orleans
GeoLocation,SHV
GeoLocation,Tampa
GeoLocation,Augusta
GeoLocation,Newark
GeoLocation,Detroit
LateAircraftDelay,dep_SAV_r1
LateAircraftDelay,dep_ATL_r4
LateAircraftDelay,dep_SAV_r5
NASDelay,dep_ATL_r4
NASDelay,dep_SAV_r4
NASDelay,dep_SAV_r5
State,S_OR
State,S_LA
State,S_NJ
Airport,MLB
Airport,ORF
Airport,IND
Airport,CLE
Airport,CAE
Airport,PHX
Airport,MDT
Airport,BQK
Airport,PIT
ArrDelayed,dep_ATL_r11
ArrDelayed,dep_car_r6
ArrDelayed,dep_ATL_r1
ArrDelayed,dep_BNA_r5
ArrDelayed,dep_DL_ori_r4
ArrDelayed,dep_ATL_r5
ArrDelayed,dep_DL_ori_r5
ArrDelayed,dep_ATL_r7
Carrier,E
Carrier,YV
Carrier,OH
Carrier,XE
CarrierDelay,dep_CLT_r3
CarrierDelay,dep_BNA_r1
CarrierDelay,dep_ATL_r10
CarrierDelay,dep_DL_ori_r4
City,Indianapolis
City,Norfolk
City,Pittsburgh
City,Harrisburg
City,Melbourne
City,Cleveland
City,Phoenix
City,Columbia
City,Brunswick
DelayType,dep_CLT_r3
DelayType,dep_BNA_r1
DelayType,dep_ATL_r10
DelayType,dep_DL_ori_r4
DelayType,dep_car_r6
DepDelayed,dep_car_r6
DepDelayed,dep_BNA_r5
DepOnTime,dep_ATL_r4
Flight,EV_7049
Flight,OO_4461
Flight,DL_2277
Flight,FL_450
Flight,EV_5527
Flight,EV_5609
Flight,WN_44
Flight,E_4375
Flight,XE_2960
Flight,US_1222
Flight,DL_1613
Flight,XE_2643
Flight,DL_2120
Flight,EV_4982
Flight,YV_2638
Flight,OH_6506
Flight,OH_6428
Flight,YV_2658
Flight,EV_4947
Flight,DL_1694
Flight,DL_2360
Flight,DL_1409
Flight,DL_1969
Flight,DL_1769
Flight,XE_2432
Flight,XE_3025
Flight,DL_1886
Flight,US_1770
Flight,DL_1468
Flight,XE_2414
Flight,EV_5056
Flight,EV_5254
Flight,DL_709
GeoLocation,MLB
GeoLocation,Indianapolis
GeoLocation,S_AZ
GeoLocation,PHX
GeoLocation,Pittsburgh
GeoLocation,PIT
GeoLocation,Norfolk
GeoLocation,Phoenix
GeoLocation,CLE
GeoLocation,BQK
GeoLocation,Harrisburg
GeoLocation,Cleveland
GeoLocation,S_OH
GeoLocation,ORF
GeoLocation,IND
GeoLocation,S_IN
GeoLocation,CAE
GeoLocation,MDT
GeoLocation,Melbourne
GeoLocation,Columbia
GeoLocation,Brunswick
LateAircraftDelay,dep_ATL_r3
LateAircraftDelay,dep_SAV_r3
LateAircraftDelay,dep_DL_ori_r2
LateAircraftDelay,dep_car_r6
NASDelay,dep_ATL_r3
NASDelay,dep_car_r6
State,S_IN
State,S_AZ
State,S_OH
Airport,SLC
Airport,MLI
Airport,JAX
Airport,EWN
Airport,CRW
Airport,MYR
Airport,CAK
ArrDelayed,dep_ATL_r13
ArrDelayed,dep_car_r5
ArrDelayed,dep_DL_ori_r1
City,Myrtle_Beach
City,Salt_Lake_City
City,Akron
City,Dunbar
City,New_Bern
City,Beaufort
City,Jacksonville
City,Moline
City,Morehead
DelayType,dep_ATL_r1
DelayType,dep_DL_ori_r1
DelayType,dep_car_r5
DepDelayed,dep_BNA_r3
DepDelayed,dep_ATL_r1
DepDelayed,dep_DL_ori_r1
DepDelayed,dep_SAV_r2
DepOnTime,dep_SAV_r5
DepOnTime,dep_CLT_r1
Flight,EV_4672
Flight,EV_5323
Flight,EV_4097
Flight,EV_4898
Flight,DL_2016
Flight,DL_75
Flight,DL_1664
Flight,DL_1763
Flight,DL_1860
Flight,DL_1166
Flight,DL_2030
Flight,DL_2053
Flight,DL_335
Flight,DL_1419
Flight,EV_5482
Flight,US_1109
Flight,EV_5377
Flight,DL_1074
Flight,DL_1194
Flight,DL_2104
Flight,YV_2692
Flight,WN_765
Flight,FL_161
Flight,WN_429
Flight,DL_1154
Flight,WN_503
Flight,WN_242
Flight,DL_1644
Flight,EV_5398
GeoLocation,MLI
GeoLocation,Salt_Lake_City
GeoLocation,Akron
GeoLocation,Jacksonville
GeoLocation,MYR
GeoLocation,New_Bern
GeoLocation,Beaufort
GeoLocation,S_UT
GeoLocation,SLC
GeoLocation,Myrtle_Beach
GeoLocation,JAX
GeoLocation,EWN
GeoLocation,Moline
GeoLocation,S_WV
GeoLocation,CRW
GeoLocation,Dunbar
GeoLocation,Morehead
GeoLocation,CAK
LateAircraftDelay,dep_ATL_r1
LateAircraftDelay,dep_DL_ori_r1
LateAircraftDelay,dep_car_r5
NASDelay,dep_ATL_r1
NASDelay,dep_DL_ori_r1
NASDelay,dep_ATL_r10
NASDelay,dep_car_r5
State,S_UT
State,S_WV
Airport,JAN
Airport,CVG
Airport,TYS
ArrDelayed,dep_ATL_r6
CarrierDelay,dep_ATL_r6
City,Knoxville
City,Cincinnati
City,Vicksburg
City,Jackson
DelayType,dep_ATL_r8
DelayType,dep_ATL_r6
DepDelayed,dep_ATL_r6
Flight,FL_354
Flight,DL_2210
Flight,EV_5369
Flight,EV_4997
Flight,US_1170
Flight,CO_1608
Flight,F9_231
Flight,MQ_4602
Flight,XE_4667
Flight,MQ_4568
Flight,DL_917
Flight,XE_5857
Flight,DL_1173
Flight,YV_3746
Flight,DL_1073
Flight,DL_2303
Flight,DL_177
Flight,DL_1672
Flight,US_1181
Flight,DL_963
Flight,DL_1804
Flight,DL_1626
Flight,US_907
Flight,WN_51
Flight,XE_4411
Flight,DL_926
Flight,FL_659
GeoLocation,Jackson
GeoLocation,TYS
GeoLocation,S_MS
GeoLocation,CVG
GeoLocation,Knoxville
GeoLocation,Cincinnati
GeoLocation,JAN
GeoLocation,Vicksburg
LateAircraftDelay,dep_ATL_r8
State,S_MS
Airport,AVL
Airport,ANC
ArrDelayed,dep_car_r10
ArrOnTime,dep_SAV_r5
CarrierDelay,dep_SAV_r4
City,Asheville
City,Anchorage
City,Philadelphia
DelayType,dep_car_r2
DepDelayed,dep_car_r10
DepDelayed,dep_DL_ori_r5
Flight,DL_2776
Flight,DL_1762
Flight,DL_980
Flight,DL_897
Flight,DL_1615
Flight,DL_1416
Flight,DL_2667
Flight,DL_2469
Flight,DL_1839
Flight,DL_1293
Flight,DL_1676
Flight,EV_4924
Flight,DL_392
Flight,WN_723
Flight,DL_692
Flight,WN_460
Flight,WN_142
Flight,WN_4453
Flight,DL_746
Flight,AA_1855
Flight,AA_716
Flight,DL_2537
Flight,EV_4289
Flight,EV_4201
GeoLocation,Anchorage
GeoLocation,Philadelphia
GeoLocation,Asheville
GeoLocation,S_AK
GeoLocation,AVL
GeoLocation,ANC
LateAircraftDelay,dep_car_r2
LateAircraftDelay,dep_car_r7
LateAircraftDelay,dep_SAV_r4
State,S_AK
Airport,MSN
Airport,GSP
Airport,MOB
ArrDelayed,dep_ATL_r9
CarrierDelay,dep_ATL_r8
CarrierDelay,dep_ATL_r7
City,Greer
City,Santa_Ana
City,Madison
City,Mobile
DelayType,dep_ATL_r13
DelayType,dep_ATL_r7
DepDelayed,dep_ATL_r13
Flight,EV_5104
Flight,YV_2664
Flight,FL_433
Flight,EV_4196
Flight,YV_2640
Flight,DL_1780
Flight,US_1464
Flight,EV_3822
Flight,DL_2349
Flight,FL_501
Flight,EV_4582
Flight,EV_4884
Flight,EV_5875
Flight,WN_1724
Flight,YV_2673
Flight,DL_207
Flight,DL_922
Flight,US_707
Flight,DL_1667
Flight,WN_2730
Flight,DL_789
Flight,EV_5392
Flight,EV_5593
Flight,EV_6168
GeoLocation,MSN
GeoLocation,Greer
GeoLocation,Madison
GeoLocation,GSP
GeoLocation,MOB
GeoLocation,Mobile
GeoLocation,Santa_Ana
GeoLocation,S_AL
LateAircraftDelay,dep_ATL_r13
LateAircraftDelay,dep_CLT_r1
MostlyCloudy,wea_ori
State,S_AL
Airport,PVD
Airport,RSW
ArrDelayed,dep_BNA_r2
ArrDelayed,dep_SAV_r2
ArrDelayed,dep_car_r8
CarrierDelay,dep_ATL_r9
CarrierDelay,dep_BNA_r3
CarrierDelay,dep_BNA_r2
CarrierDelay,dep_car_r8
CarrierDelay,dep_car_r1
CarrierDelay,dep_CLT_r5
CarrierDelay,dep_car_r10
CarrierDelay,dep_BNA_r5
CarrierDelay,dep_SAV_r2
City,Providence
City,Fort_Myers
DelayType,dep_BNA_r3
DelayType,dep_BNA_r2
DelayType,dep_car_r10
DelayType,dep_SAV_r2
DelayType,dep_ATL_r9
DelayType,dep_car_r8
DelayType,dep_BNA_r5
Flight,EV_4495
Flight,EV_5448
Flight,EV_4977
Flight,DL_581
Flight,DL_399
Flight,WN_3673
Flight,WN_3752
Flight,FL_63
Flight,US_1766
Flight,DL_517
Flight,DL_2427
Flight,DL_2241
Flight,EV_5355
Flight,US_1817
Flight,DL_2105
Flight,WN_2711
Flight,DL_1652
Flight,WN_2515
Flight,WN_16
Flight,DL_395
Flight,US_2090
Flight,DL_1987
Flight,EV_4406
Flight,EV_5193
GeoLocation,S_RI
GeoLocation,Providence
GeoLocation,RSW
GeoLocation,PVD
GeoLocation,Fort_Myers
LateAircraftDelay,dep_ATL_r12
LateAircraftDelay,dep_BNA_r3
LateAircraftDelay,dep_BNA_r2
LateAircraftDelay,dep_BNA_r1
LateAircraftDelay,dep_car_r8
LateAircraftDelay,dep_car_r9
LateAircraftDelay,dep_ATL_r2
LateAircraftDelay,dep_car_r10
LateAircraftDelay,dep_BNA_r5
LateAircraftDelay,dep_BNA_r4
LateAircraftDelay,dep_SAV_r2
LateAircraftDelay,dep_DL_ori_r3
NASDelay,dep_ATL_r9
NASDelay,dep_BNA_r2
NASDelay,dep_car_r8
NASDelay,dep_CLT_r3
NASDelay,dep_car_r10
NASDelay,dep_SAV_r1
NASDelay,dep_SAV_r2
NASDelay,dep_SAV_r3
NASDelay,dep_DL_ori_r4
NASDelay,dep
NASDelay,dep_ATL_r6
NASDelay,dep_DL_ori_r3
State,S_RI
WeatherDelay,dep
CarrierDelay,dep_car_r4
CarrierDelay,dep_DL_ori_r5
CarrierDelay,dep_car_r6
DelayType,dep_car_r4
DelayType,dep_DL_ori_r5
Flight,OO_5644
LateAircraftDelay,dep_car_r4
LateAircraftDelay,dep_car_r3
NASDelay,dep_ATL_r8
NASDelay,dep_car_r9
NASDelay,dep_car_r4
NASDelay,dep_car_r2
NASDelay,dep_DL_ori_r5
WeatherDelay,dep_SAV_r3
Airport,MHT
Airport,BDL
Airport,ROA
Airport,CMH
CarrierDelay,dep_car_r2
CarrierDelay,dep_CLT_r2
CarrierDelay,dep_ATL_r1
CarrierDelay,dep_DL_ori_r1
CarrierDelay,dep_ATL_r5
City,Roanoke
City,Hartford
City,Manchester
City,Columbus
DelayType,dep_ATL_r11
DelayType,dep_ATL_r5
DepDelayed,dep_ATL_r11
Flight,DL_1181
Flight,MQ_4010
Flight,EV_5723
Flight,DL_2357
Flight,DL_1025
Flight,DL_321
Flight,DL_165
Flight,OO_5809
Flight,DL_1955
Flight,DL_1911
Flight,DL_834
Flight,XE_2300
Flight,EV_5085
Flight,XE_2543
Flight,WN_1495
Flight,EV_5410
Flight,WN_1107
Flight,DL_1090
Flight,DL_1278
Flight,DL_1673
Flight,DL_1111
Flight,DL_1011
Flight,DL_500
Flight,DL_323
Flight,DL_965
Flight,AA_1357
Flight,DL_829
GeoLocation,Hartford
GeoLocation,BDL
GeoLocation,Roanoke
GeoLocation,S_CT
GeoLocation,CMH
GeoLocation,Columbus
GeoLocation,MHT
GeoLocation,S_NH
GeoLocation,Manchester
GeoLocation,ROA
LateAircraftDelay,dep_ATL_r11
MostlyCloudy,wea_des
NASDelay,dep_ATL_r5
NASDelay,dep_ATL_r7
State,S_CT
State,S_NH
Airport,CHO
Airport,SWF
Airport,PWM
City,Newburgh
City,Poughkeepsie
City,Charlottesville
Flight,EV_5003
Flight,EV_5204
Flight,DL_11
Flight,DL_314
Flight,DL_910
Flight,DL_959
Flight,XE_2523
Flight,YV_2709
Flight,DL_40
Flight,XE_6097
Flight,DL_1695
Flight,WN_467
Flight,DL_25
Flight,DL_792
Flight,OO_5817
Flight,DL_1724
Flight,DL_904
Flight,EV_5496
GeoLocation,CHO
GeoLocation,SWF
GeoLocation,PWM
GeoLocation,S_ME
GeoLocation,Newburgh
GeoLocation,Poughkeepsie
GeoLocation,Charlottesville
NASDelay,dep_ATL_r11
State,S_ME
Airport,HNL
Airport,PNS
Airport,MGM
Airport,TLH
Airport,OMA
CarrierDelay,dep_car_r7
CarrierDelay,dep_car_r5
City,Honolulu
City,Pensacola
City,Montgomery
City,Omaha
City,Tallahassee
Flight,EV_4953
Flight,EV_5724
Flight,DL_1343
Flight,DL_2196
Flight,DL_1559
Flight,WN_2344
Flight,WN_4560
Flight,EV_5213
Flight,DL_1271
Flight,FL_1554
Flight,DL_1597
Flight,YV_2696
Flight,DL_1199
Flight,DL_1374
Flight,YV_2693
Flight,WN_2079
Flight,DL_1568
Flight,WN_4854
Flight,WN_4259
Flight,EV_5096
GeoLocation,Pensacola
GeoLocation,Honolulu
GeoLocation,OMA
GeoLocation,HNL
GeoLocation,S_NE
GeoLocation,PNS
GeoLocation,MGM
GeoLocation,Omaha
GeoLocation,S_HI
GeoLocation,TLH
GeoLocation,Montgomery
GeoLocation,Tallahassee
State,S_HI
State,S_NE
Airport,GTR
Airport,EYW
Airport,SBN
Airport,OAJ
Breezy,wea_des
CarrierDelay,dep_SAV_r5
City,Camp_Lejeune
City,Key_West
City,South_Bend
Flight,DL_2255
Flight,DL_1544
Flight,DL_2809
Flight,DL_1814
Flight,DL_1616
Flight,DL_1913
Flight,DL_955
Flight,DL_1732
Flight,DL_899
Flight,WN_353
Flight,EV_5183
Flight,EV_5382
Flight,EV_4355
Flight,DL_2563
Flight,DL_2564
Flight,DL_2300
Flight,DL_2784
Flight,EV_4183
Flight,WN_2238
Flight,DL_593
Flight,AA_1637
Flight,EV_4206
Flight,AA_1750
Flight,OO_4584
GeoLocation,GTR
GeoLocation,Camp_Lejeune
GeoLocation,Key_West
GeoLocation,SBN
GeoLocation,EYW
GeoLocation,OAJ
GeoLocation,South_Bend
LateAircraftDelay,dep_ATL_r9
LateAircraftDelay,dep_ATL_r6
WindWeather,wea_des
Airport,ECP
City,Panama_City
Flight,EV_5444
Flight,YV_2802
Flight,DL_2059
Flight,DL_1861
Flight,DL_1661
Flight,DL_2172
Flight,DL_1876
Flight,EV_4538
Flight,WN_199
Flight,F9_793
Flight,AA_1041
Flight,WN_3924
Flight,DL_1034
Flight,DL_344
Flight,DL_1945
GeoLocation,ECP
GeoLocation,Panama_City
LateAircraftDelay,dep_DL_ori_r4
LateAircraftDelay,dep_ATL_r5
LightRain,wea_des
NASDelay,dep_BNA_r1
RainWeather,wea_des
Flight,DL_2684
NASDelay,dep_BNA_r3
Airport,VLD
Airport,PIA
Airport,CID
City,Peoria
City,Iowa_City
City,Cedar_Rapids
City,Valdosta
Flight,EV_5324
Flight,DL_36
Flight,DL_1614
Flight,WN_1394
Flight,DL_1172
Flight,EV_5235
Flight,AA_369
Flight,DL_2369
Flight,DL_1598
Flight,DL_864
Flight,DL_400
Flight,AA_1810
Flight,EV_5295
GeoLocation,Peoria
GeoLocation,Cedar_Rapids
GeoLocation,PIA
GeoLocation,VLD
GeoLocation,Valdosta
GeoLocation,Iowa_City
GeoLocation,CID
Airport,VPS
City,Valparaiso
Flight,DL_1467
Flight,DL_1914
Flight,US_1089
Flight,EV_5119
Flight,WN_4998
Flight,DL_1791
Flight,DL_787
Flight,WN_580
Flight,DL_1668
Flight,MQ_2956
Flight,DL_907
GeoLocation,VPS
GeoLocation,Valparaiso
Airport,XNA
Airport,STT
Airport,BKG
CarrierDelay,dep_ATL_r13
City,Fayetteville
City,Branson
City,Charlotte_Amalie
Flight,EV_5421
Flight,DL_2011
Flight,AA_1071
Flight,EV_5106
Flight,EV_5029
Flight,DL_1400
Flight,DL_141
Flight,WN_158
Flight,WN_976
Flight,DL_413
Flight,DL_674
Flight,XE_387
Flight,DL_1656
Flight,DL_1534
Flight,DL_1116
Flight,EV_5023
Flight,AA_2275
Flight,DL_192
Flight,DL_83
Flight,DL_1211
Flight,YV_2650
Flight,YV_7271
Flight,EV_5271
Flight,FL_931
GeoLocation,XNA
GeoLocation,S_AR
GeoLocation,S_VI
GeoLocation,STT
GeoLocation,Fayetteville
GeoLocation,Branson
GeoLocation,BKG
GeoLocation,Charlotte_Amalie
State,S_AR
State,S_VI
Flight,DL_1260
Flight,DL_1445
Flight,DL_1466
Flight,DL_265
Flight,EV_3929
Flight,DL_1778
Flight,WN_594
Flight,EV_3986
Flight,OO_5723
Flight,WN_1849
Flight,DL_1094
Flight,DL_1050
Flight,DL_2466
Flight,WN_3943
Flight,DL_1351
Flight,DL_1394
Flight,DL_1152
Flight,DL_1229
Flight,DL_1503
Flight,WN_4032
Flight,EV_5551
Airport,DAY
Airport,BTR
City,Baton_Rouge
City,Dayton
Flight,YV_2622
Flight,DL_1161
Flight,DL_2078
Flight,DL_2156
Flight,YV_2686
Flight,DL_2015
Flight,FL_271
Flight,WN_714
Flight,WN_438
Flight,DL_1020
Flight,MQ_2727
Flight,WN_872
Flight,DL_1975
Flight,FL_64
Flight,EV_5462
Flight,EV_5314
Flight,YV_3784
Flight,WN_3868
Flight,DL_469
Flight,EV_5371
Flight,EV_4146
GeoLocation,DAY
GeoLocation,Dayton
GeoLocation,BTR
GeoLocation,Baton_Rouge
Overcast,wea_des
Airport,HSV
City,Huntsville
Flight,MQ_3520
Flight,WN_378
Flight,DL_1366
Flight,WN_159
Flight,DL_1541
Flight,DL_878
Flight,DL_1317
Flight,DL_1358
Flight,DL_1457
Flight,EV_4286
Flight,MQ_3670
Flight,MQ_3110
Flight,DL_1650
Flight,DL_970
Flight,WN_902
GeoLocation,Huntsville
GeoLocation,HSV
Flight,EV_4979
Flight,WN_2881
Flight,EV_4135
Flight,FL_162
Flight,EV_5931
Flight,DL_923
Flight,DL_1666
Flight,MQ_4215
Flight,EV_4701
Flight,EV_4106
Flight,FL_535
LateAircraftDelay,dep_CLT_r4
Drizzle,wea_ori
Flight,AA_637
Flight,DL_1488
Flight,EV_4090
Flight,WN_48
Flight,WN_1770
Flight,WN_750
Flight,DL_439
Flight,EV_5038
Flight,DL_2642
Flight,DL_2522
Flight,WN_5147
Flight,DL_1108
Flight,AA_1972
WindWeather,wea_ori
Flight,OO_4482
Flight,EV_5348
Flight,DL_2478
Flight,US_749
Flight,DL_1642
Flight,AA_194
Flight,DL_1883
Flight,EV_3828
Flight,DL_1754
Flight,EV_6056
Flight,WN_628
Flight,US_891
Flight,WN_2556
Flight,WN_3027
Airport,RIC
City,Richmond
Flight,DL_2036
Flight,WN_599
Flight,DL_1537
Flight,DL_1019
Flight,EV_5260
Flight,DL_2142
Flight,FL_103
Flight,DL_2148
Flight,EV_4988
Flight,DL_1552
Flight,DL_1307
Flight,DL_568
Flight,WN_2412
Flight,DL_309
GeoLocation,Richmond
GeoLocation,RIC
LateAircraftDelay,dep_CLT_r5
NASDelay,dep_CLT_r2
Flight,YV_3782
Flight,WN_1300
CarrierDelay,dep_CLT_r4
Flight,EV_4294
Flight,DL_1421
Flight,WN_658
Flight,DL_835
Flight,WN_4128
Flight,WN_276
Flight,EV_5022
Flight,FL_347
Flight,DL_1433
Flight,DL_1112
Flight,DL_763
NASDelay,dep_BNA_r5
WeatherDelay,dep_car_r9
Airport,SJU
CarrierDelay,dep_ATL_r11
City,San_Juan
Flight,EV_5125
Flight,EV_5488
Flight,EV_4950
Flight,DL_2334
Flight,DL_1641
Flight,WN_1635
Flight,XE_5670
Flight,DL_1899
Flight,EV_5140
Flight,YV_2628
Flight,EV_5285
Flight,E_901
Flight,XE_7759
Flight,OH_6601
Flight,XE_2969
Flight,DL_2422
Flight,DL_2488
Flight,DL_2323
Flight,DL_2467
Flight,DL_67
Flight,WN_2573
Flight,DL_1922
Flight,FL_719
Flight,WN_1102
Flight,EV_5352
Flight,E_910
Flight,AA_1571
GeoLocation,San_Juan
GeoLocation,SJU
GeoLocation,S_PR
State,S_PR
Flight,EV_5502
Flight,DL_462
Flight,OO_5921
Flight,DL_2903
Flight,OO_3140
Flight,DL_1951
Flight,DL_846
Flight,DL_1425
Flight,EV_5156
LateAircraftDelay,dep_ATL_r7
Airport,ILM
City,Wilmington
Flight,DL_482
Flight,WN_2601
Flight,DL_1026
Flight,XE_4401
Flight,XE_6121
Flight,DL_1855
Flight,DL_1216
Flight,DL_1798
Flight,YV_2609
Flight,EV_4968
Flight,EV_4969
Flight,XE_4671
GeoLocation,ILM
GeoLocation,Wilmington
Flight,DL_2153
Flight,AA_2029
Flight,DL_460
Flight,WN_279
Flight,WN_298
Flight,EV_3821
Flight,EV_5163
Flight,WN_1153
Flight,EV_5338
Flight,DL_2501
Flight,WN_105
Flight,DL_1356
Flight,DL_1574
Flight,DL_1529
Flight,WN_266
Flight,WN_4656
Flight,AA_1652
Flight,WN_1065
City,Sacramento
Flight,DL_1085
Flight,WN_3635
Flight,WN_1996
Flight,WN_4485
Flight,DL_874
Flight,AA_2709
Flight,WN_43
Flight,DL_2768
Flight,DL_1096
GeoLocation,Sacramento
Humid,wea_des
LateAircraftDelay,dep_CLT_r2
LateAircraftDelay,dep_ATL_r10
WeatherDelay,dep_SAV_r2
Flight,US_982
Flight,EV_5226
Flight,DL_2113
Flight,YV_3799
Flight,EV_4918
Flight,DL_934
Flight,FL_927
Flight,WN_2085
Flight,DL_1871
Flight,WN_2958
Flight,EV_4605
Flight,DL_129
Flight,DL_2239
Flight,EV_4323
Airport,TRI
Airport,ICT
City,Kingsport
City,Bristol
City,Johnson_City
City,Wichita
Flight,DL_1389
Flight,WN_1732
Flight,DL_754
Flight,EV_3806
Flight,DL_1219
Flight,DL_931
Flight,EV_5380
Flight,WN_291
Flight,E_3829
Flight,DL_1470
Flight,EV_5955
Flight,E_3621
Flight,E_4207
Flight,EV_5076
GeoLocation,TRI
GeoLocation,Kingsport
GeoLocation,Bristol
GeoLocation,Johnson_City
GeoLocation,S_KS
GeoLocation,ICT
GeoLocation,Wichita
State,S_KS
Airport,TTN
City,Trenton
Flight,EV_4396
Flight,DL_513
Flight,DL_755
Flight,EV_4679
Flight,DL_539
Flight,F9_930
Flight,US_1938
Flight,DL_2567
Flight,US_716
Flight,DL_1471
Flight,US_1855
GeoLocation,Trenton
GeoLocation,TTN
WeatherDelay,dep_BNA_r3
Flight,OO_6485
Flight,DL_1665
Flight,FL_527
Flight,EV_5486
Flight,FL_35
Flight,MQ_3360
Flight,EV_5227
Flight,DL_12
Flight,WN_3197
Flight,WN_5111
Flight,DL_658
Flight,DL_1699
Flight,DL_650
Flight,DL_1728
Flight,DL_724
Flight,OO_4621
Flight,AA_2080
Flight,DL_2617
Flight,DL_2054
Flight,DL_2185
Flight,DL_447
Flight,DL_2430
Flight,DL_1164
Flight,DL_853
Flight,EV_5182
Flight,WN_409
Flight,WN_2808
Flight,DL_2498
Flight,EV_5228
Flight,EV_5109
Flight,DL_2195
Flight,WN_1097
Flight,DL_2805
Flight,EV_5321
Flight,EV_5123
Flight,DL_2483
Flight,DL_2588
Flight,DL_1332
Flight,DL_1430
Flight,WN_448
Flight,DL_885
Flight,WN_1100
Flight,EV_4055
Flight,WN_1512
Flight,WN_799
Flight,AA_572
Flight,WN_491
Flight,WN_1595
Flight,DL_438
Flight,EV_5460
Flight,EV_5384
Flight,DL_1151
Flight,DL_1158
Flight,DL_986
Flight,EV_5177
Windy,wea_des
Flight,WN_1458
Flight,WN_3931
Flight,US_2081
Flight,WN_615
Flight,WN_4265
Flight,EV_5280
Flight,WN_1276
Flight,DL_2462
Flight,DL_394
Flight,DL_966
Flight,EV_5273
LateAircraftDelay,dep_CLT_r3
Airport,GPT
Airport,EVV
Airport,GNV
City,Gainesville
City,Evansville
City,Gulfport
City,Biloxi
Flight,EV_5245
Flight,EV_5565
Flight,EV_4951
Flight,DL_2079
Flight,EV_5349
Flight,DL_1220
Flight,WN_1194
Flight,DL_336
Flight,EV_5440
Flight,EV_5498
Flight,DL_2243
Flight,YV_2675
Flight,DL_1868
Flight,DL_1569
Flight,XE_5889
Flight,EV_5376
GeoLocation,GPT
GeoLocation,Evansville
GeoLocation,Gulfport
GeoLocation,GNV
GeoLocation,Biloxi
GeoLocation,Gainesville
GeoLocation,EVV
Flight,WN_2768
Flight,WN_316
Flight,DL_1176
Flight,US_2022
Flight,F9_663
Flight,EV_4486
Flight,FL_998
Flight,WN_1739
Flight,AA_1191
Flight,DL_659
Flight,DL_975
Flight,WN_1598
Flight,DL_2769
Flight,DL_1819
Flight,EV_5540
Flight,WN_2699
Flight,DL_43
Flight,DL_2084
Flight,DL_2361
Flight,DL_425
Flight,EV_4428
Flight,DL_723
Flight,EV_5175
Airport,BHM
City,Birmingham
Flight,EV_7324
Flight,EV_5148
Flight,WN_1118
Flight,WN_653
Flight,E_4371
Flight,E_4053
Flight,DL_735
Flight,EV_5184
Flight,DL_319
Flight,WN_1155
Flight,DL_2429
Flight,EV_5135
Flight,DL_2764
Flight,DL_592
Flight,DL_1015
Flight,WN_389
Flight,DL_348
Flight,DL_1127
GeoLocation,Birmingham
GeoLocation,BHM
Flight,DL_1580
Flight,DL_2230
Flight,DL_1084
Flight,US_1466
Flight,XE_5733
Flight,WN_1010
Flight,DL_2385
Flight,EV_6988
Flight,E_852
Flight,DL_1923
Flight,DL_429
LateAircraftDelay,dep_DL_ori_r5
LightSnow,wea_des
SnowWeather,wea_des
Airport,SGF
City,Springfield
Flight,WN_1937
Flight,EV_5248
Flight,DL_342
Flight,DL_773
Flight,DL_879
Flight,DL_936
Flight,WN_2997
Flight,DL_871
Flight,DL_788
Flight,WN_3941
Flight,EV_5250
Flight,DL_925
Flight,AA_2084
GeoLocation,SGF
GeoLocation,Springfield
Flight,DL_510
Flight,DL_1397
Flight,DL_397
Flight,WN_2546
Flight,DL_1717
Flight,DL_711
Flight,DL_1512
Flight,EV_4113
Flight,FL_668
Flight,FL_420
Flight,DL_1412
Flight,DL_210
Flight,WN_108
Flight,DL_865
City,San_Jose
Flight,DL_1322
Flight,DL_157
Flight,DL_1359
Flight,EV_5218
Flight,F9_1029
Flight,DL_2818
Flight,DL_1308
Flight,DL_1328
Flight,DL_1305
Flight,DL_1985
GeoLocation,San_Jose
Flight,DL_1280
Flight,MQ_3044
Flight,DL_1841
Flight,WN_735
Flight,EV_3845
Flight,DL_914
Flight,EV_4676
Flight,EV_5584
Flight,WN_3845
Flight,DL_870
Flight,WN_988
Flight,US_1892
Flight,DL_866
Flight,DL_804
Flight,DL_909
Flight,EV_4102
Flight,FL_334
Flight,WN_1712
Flight,DL_313
Flight,DL_1853
Flight,EV_4922
Flight,DL_1797
Flight,YV_2652
Flight,XE_5980
Flight,XE_4319
Flight,WN_917
Flight,DL_1960
Flight,DL_200
Flight,DL_116
Flight,DL_1813
Flight,OO_4579
Flight,UA_364
Flight,DL_892
Flight,DL_720
Flight,EV_3916
Flight,AA_1736
Flight,OO_3531
Flight,WN_1487
Flight,WN_3360
NASDelay,dep_ATL_r13
Flight,DL_939
Flight,FL_152
Flight,DL_1958
Overcast,wea_ori
Flight,DL_1360
Flight,EV_4910
Flight,YV_2669
Flight,OO_5195
Flight,DL_1465
Flight,US_1164
Flight,WN_310
Flight,DL_1238
Flight,EV_5060
Flight,EV_4237
Flight,DL_2245
Flight,DL_82
Flight,DL_147
Flight,WN_1243
Flight,EV_4303
Flight,EV_5131
Flight,EV_5469
Flight,EV_4291
Flight,EV_4957
Flight,DL_221
Flight,DL_1781
Flight,US_863
Flight,DL_1959
Flight,WN_593
Flight,EV_4738
Flight,EV_4316
Flight,FL_249
Flight,EV_4431
Flight,DL_694
Flight,DL_671
Flight,DL_501
Flight,DL_800
Flight,MQ_3686
Flight,EV_4487
Flight,WN_3680
Flight,MQ_3245
Flight,EV_5604
Flight,WN_2801
Flight,WN_1672
Flight,DL_2524
Flight,EV_4477
Flight,EV_4651
Flight,DL_1298
Flight,WN_4817
Flight,US_1971
Flight,US_629
Airport,BZN
Airport,JAC
City,Bozeman
Flight,DL_2399
Flight,DL_412
Flight,DL_699
Flight,WN_2740
Flight,DL_756
Flight,DL_1178
Flight,WN_3409
Flight,WN_2277
Flight,EV_4104
GeoLocation,S_MT
GeoLocation,S_WY
GeoLocation,BZN
GeoLocation,JAC
GeoLocation,Bozeman
State,S_MT
State,S_WY
Airport,HPN
Airport,FAY
City,Oklahoma_City
City,White_Plains
Flight,DL_2396
Flight,AA_557
Flight,EV_5141
Flight,OO_4772
Flight,DL_2186
Flight,AA_443
Flight,EV_5257
Flight,AA_581
Flight,DL_2280
Flight,DL_325
Flight,DL_1843
Flight,WN_3126
Flight,DL_946
Flight,DL_826
Flight,EV_5153
GeoLocation,FAY
GeoLocation,White_Plains
GeoLocation,S_OK
GeoLocation,HPN
GeoLocation,Oklahoma_City
State,S_OK
Flight,EV_5168
Flight,FL_255
Flight,DL_1834
Flight,DL_1237
Flight,DL_1259
Flight,EV_5063
Flight,DL_1052
Flight,DL_544
Flight,EV_4978
Flight,DL_1720
Flight,WN_1910
Flight,DL_2250
Flight,DL_2272
Flight,DL_1518
Flight,WN_2201
Flight,EV_5086
Flight,EV_5059
Flight,EV_5317
Flight,DL_1994
Flight,DL_1198
Flight,DL_1920
Flight,DL_2019
Flight,XE_5744
Flight,XE_5703
WeatherDelay,dep_car_r10
Flight,WN_1427
Airport,LIT
City,Little_Rock
Flight,AA_2108
Flight,DL_780
Flight,DL_751
Flight,DL_2606
Flight,AA_2372
Flight,WN_629
Flight,DL_1376
Flight,DL_1451
Flight,DL_2162
Flight,DL_2064
Flight,DL_1805
Flight,WN_585
Flight,WN_2498
Flight,DL_1349
Flight,OO_4844
Flight,EV_5174
GeoLocation,LIT
GeoLocation,Little_Rock
Flight,EV_5147
Flight,DL_1080
Flight,DL_2677
Flight,DL_1462
Flight,DL_464
Flight,DL_483
Flight,DL_880
Flight,DL_1680
Flight,DL_810
Flight,DL_2143
Flight,DL_48
Flight,DL_861
Flight,XE_6185
Flight,XE_2589
Flight,MQ_4659
Flight,FL_314
Flight,XE_2416
Flight,WN_896
Flight,WN_3836
Flight,DL_1341
Flight,US_2013
Flight,DL_1779
Flight,DL_758
Flight,EV_4178
Flight,WN_1721
Flight,DL_1549
Flight,DL_1348
WeatherDelay,dep_DL_ori_r1
WeatherDelay,dep_ATL_r2
WeatherDelay,dep_car_r3
Flight,DL_1980
Flight,DL_710
Flight,DL_1755
Flight,OO_4570
Flight,DL_1428
Flight,EV_5178
Flight,F9_1199
Airport,SRQ
City,Bradenton
City,Sarasota
Flight,DL_2057
Flight,EV_4251
Flight,EV_5745
Flight,DL_2457
Flight,DL_1246
Flight,DL_1738
Flight,EV_4579
Flight,MQ_3418
Flight,EV_5024
Flight,EV_5335
Flight,DL_2166
Flight,WN_1009
Flight,EV_4361
Flight,DL_1510
Flight,WN_1848
Flight,EV_5331
GeoLocation,Sarasota
GeoLocation,Bradenton
GeoLocation,SRQ
Flight,DL_1509
Flight,EV_4652
Flight,WN_2776
Flight,DL_1455
Flight,E_3681
Flight,WN_101
Flight,EV_5494
Flight,DL_1089
Flight,DL_637
Flight,DL_2561
Flight,EV_5600
Flight,DL_2325
Flight,EV_5388
Flight,DL_2275
Flight,WN_716
Flight,DL_1740
Flight,YV_2662
Flight,DL_684
Flight,CO_1409
Flight,XE_2666
Flight,WN_1309
Flight,EV_5179
Flight,EV_5018
Flight,DL_1456
Flight,WN_526
Flight,EV_5030
Flight,XE_6119
Flight,EV_4173
Flight,DL_996
Flight,WN_3215
Flight,DL_2464
Flight,WN_268
Flight,DL_2260
Flight,F9_1305
Flight,DL_2013
Flight,DL_1225
Flight,US_944
Flight,WN_219
Flight,WN_664
Flight,WN_1788
Flight,EV_3811
Flight,EV_5267
Flight,EV_5402
Flight,DL_1368
Flight,WN_2529
Flight,DL_681
Flight,DL_1716
Flight,DL_856
Flight,DL_1619
Flight,WN_1371
Flight,WN_129
Flight,WN_2570
Flight,EV_3818
Flight,DL_867
Flight,DL_1646
Flight,AA_1233
Flight,EV_5079
Flight,YV_2788
Flight,YV_2885
Flight,FL_391
Flight,DL_161
Flight,WN_214
Flight,WN_46
Flight,DL_1935
Flight,WN_272
Flight,EV_3848
Flight,DL_1832
Flight,FL_609
Flight,DL_414
Flight,EV_4713
Flight,YV_2706
Flight,EV_5043
Flight,WN_563
Flight,DL_2111
Flight,DL_1927
Flight,WN_796
Flight,US_990
Flight,DL_1226
WeatherDelay,dep_car_r6
Airport,CSG
Flight,EV_4897
Flight,XE_4547
Flight,XE_4608
Flight,DL_1257
Flight,WN_202
Flight,US_754
Flight,DL_1403
GeoLocation,CSG
Flight,WN_2081
Flight,OO_5566
Flight,WN_747
Flight,DL_1464
Flight,DL_1618
Flight,DL_411
Flight,WN_5676
Flight,UA_509
Flight,DL_2824
Flight,AA_589
Flight,WN_929
Flight,NK_452
Flight,DL_1354
Flight,DL_2020
Flight,XE_5878
Flight,DL_2413
Flight,DL_1939
Flight,DL_831
Flight,OO_4458
Flight,EV_4535
Flight,EV_5202
Flight,EV_5306
Flight,DL_217
Flight,WN_326
Flight,WN_702
Flight,XE_6116
Flight,DL_1852
Flight,EV_4423
Flight,DL_2509
Flight,DL_78
Flight,EV_5220
Flight,EV_5058
Flight,EV_5272
Flight,EV_5230
Flight,EV_7136
WeatherDelay,dep_car_r5
Flight,FL_134
Flight,DL_1388
Flight,DL_1586
Flight,EV_4638
Flight,DL_858
Flight,DL_2341
Flight,EV_5746
Flight,DL_1513
Flight,EV_5236
Flight,WN_261
Flight,WN_365
Flight,EV_7149
Flight,WN_1019
Flight,OO_1121
Flight,EV_5553
Flight,EV_5037
Flight,DL_1016
Flight,DL_1233
Flight,DL_1594
Flight,WN_2453
Flight,WN_3345
Flight,EV_5197
Flight,EV_5573
Flight,DL_2569
Flight,WN_1404
WeatherDelay,dep_car_r1
Flight,EV_4131
Flight,DL_1346
Flight,UA_789
Flight,WN_1361
Flight,DL_2234
Flight,DL_951
Flight,EV_5266
Flight,DL_1357
Flight,DL_2180
Flight,DL_352
Flight,DL_1947
Flight,AA_639
Flight,EV_5053
Flight,DL_1203
Flight,EV_5065
LightRain,wea_ori
RainWeather,wea_ori
WeatherDelay,dep_BNA_r5
WeatherDelay,dep_CLT_r3
WeatherDelay,dep_CLT_r4
WeatherDelay,dep_CLT_r5
Flight,EV_4233
Flight,EV_5258
Flight,DL_693
Flight,DL_844
Flight,WN_4153
WeatherDelay,dep_ATL_r8
WeatherDelay,dep_DL_ori_r4
WeatherDelay,dep_ATL_r4
WeatherDelay,dep_ATL_r5
WeatherDelay,dep_DL_ori_r5
WeatherDelay,dep_DL_ori_r3
Flight,DL_2352
Flight,YV_2746
Flight,DL_1974
Flight,EV_5044
Flight,EV_5068
Flight,EV_4462
Flight,OO_4594
Flight,DL_1850
Flight,WN_3263
Flight,WN_1421
Flight,EV_5098
Flight,EV_4391
Flight,EV_5747
Flight,WN_4908
Flight,DL_1140
Flight,WN_1756
Flight,WN_4641
Flight,DL_523
Flight,WN_4535
Flight,OO_5167
Flight,YV_7317
Flight,DL_2087
Flight,EV_5118
Flight,YV_7342
WeatherDelay,dep_ATL_r12
Flight,EV_4694
Flight,EV_5662
Flight,WN_505
Flight,WN_264
Flight,DL_2577
Flight,DL_1882
Flight,DL_2292
Flight,DL_2601
Flight,DL_2603
Flight,EV_6175
Flight,MQ_3392
Flight,DL_1370
Flight,DL_700
Flight,DL_2337
Flight,EV_5770
Flight,EV_5330
Flight,EV_4413
Flight,WN_519
Flight,DL_53
Flight,DL_630
Flight,DL_696
Flight,WN_940
Flight,DL_801
Flight,DL_843
Flight,DL_707
Flight,DL_1339
Flight,WN_193
Flight,DL_1946
Flight,EV_4689
Flight,DL_1060
Flight,AA_1744
WeatherDelay,dep_ATL_r11
Flight,DL_1380
Flight,DL_956
Flight,DL_419
Flight,FL_263
Flight,DL_328
Flight,EV_5305
Flight,EV_5142
Flight,EV_5286
Flight,EV_4187
Flight,EV_5796
Flight,DL_2344
Flight,YV_2759
Flight,EV_4999
Flight,EV_5428
Flight,YV_7240
Flight,OO_5938
Flight,XE_5729
Flight,DL_1542
Flight,OO_5804
Flight,DL_1767
Flight,DL_2793
Flight,DL_498
Flight,DL_402
Flight,WN_3835
Flight,WN_979
Flight,WN_3620
Flight,EV_4437
Flight,EV_7036
Airport,GRB
City,Green_Bay
Flight,DL_971
Flight,DL_2644
Flight,AA_504
Flight,DL_1327
Flight,EV_5370
Flight,UA_356
GeoLocation,Green_Bay
GeoLocation,GRB
Flight,YV_3770
Flight,DL_2152
Flight,EV_5281
Flight,DL_1171
Flight,WN_382
Flight,YV_2617
Flight,WN_3059
Flight,FL_763
Flight,WN_1524
Flight,WN_206
Flight,US_780
Flight,EV_4966
Flight,DL_1312
Flight,DL_1309
Flight,DL_515
Flight,EV_4902
Flight,DL_2417
Flight,EV_5367
Flight,OO_5232
Flight,EV_4150
Flight,DL_1079
Flight,EV_4228
Flight,DL_2373
Flight,FL_1501
Flight,DL_140
Flight,DL_1884
Flight,WN_1311
Flight,US_1126
Flight,FL_941
Flight,OO_6331
Flight,EV_5699
Flight,EV_4161
Flight,DL_2347
Flight,DL_86
Flight,DL_725
Flight,EV_4488
Flight,WN_875
Flight,WN_2121
Flight,WN_2286
Flight,FL_789
Flight,EV_4945
Flight,YV_3763
Flight,DL_451
Flight,DL_572
Flight,WN_2496
Flight,YV_2818
Flight,EV_5373
Flight,WN_2272
Flight,US_442
Flight,WN_2864
Flight,WN_2788
Flight,WN_3071
Flight,FL_221
Flight,WN_3089
Flight,DL_1601
Flight,EV_5005
Flight,XE_6049
Flight,OO_1163
Flight,DL_1442
WeatherDelay,dep_CLT_r1
Flight,EV_4132
Flight,DL_1948
Flight,DL_1967
Flight,DL_2114
Flight,YV_2647
Flight,WN_194
Flight,EV_5151
Flight,US_1439
Flight,EV_3262
Flight,DL_1201
Flight,WN_836
Flight,DL_1315
Flight,WN_2062
Flight,WN_3503
Flight,DL_1113
Flight,WN_1823
Flight,DL_1990
Flight,WN_2132
Flight,WN_1660
Flight,WN_3127
Flight,EV_4569
Flight,WN_1165
Flight,EV_4422
Flight,EV_4167
Flight,EV_4278
Flight,YV_3781
Flight,WN_4698
Flight,EV_3851
Flight,EV_3260
Flight,DL_1383
Flight,AA_629
Flight,DL_1375
Flight,WN_180
Flight,DL_1283
Flight,EV_5900
Flight,WN_4845
Flight,YV_3731
Flight,YV_2844
Flight,DL_334
Flight,DL_1657
Flight,XE_5884
Flight,EV_6017
Flight,EV_4955
Flight,WN_4166
Flight,WN_4263
Flight,MQ_2967
Flight,DL_1377
Flight,DL_524
Flight,DL_1729
Flight,DL_1995
Flight,MQ_3544
Flight,FL_156
Flight,WN_832
Flight,DL_540
Flight,DL_1910
Flight,US_2032
Flight,MQ_3114
Flight,EV_4313
Flight,YV_2814
Flight,WN_3568
Flight,DL_391
Flight,DL_351
Flight,DL_1889
Flight,WN_3488
Flight,EV_6022
Flight,US_1978
Flight,FL_116
Flight,WN_1317
Flight,US_681
Flight,WN_475
Flight,EV_5165
Flight,WN_5
Flight,OO_5197
Flight,EV_4899
Flight,WN_1754
Flight,WN_4640
Flight,WN_290
Flight,EV_5041
Flight,EV_5312
Flight,YV_2798
Flight,DL_466
Flight,XE_2355
Flight,DL_920
Flight,DL_1402
Flight,DL_2017
Flight,WN_4512
Flight,UA_1072
Flight,DL_1128
Flight,DL_1950
Flight,DL_1573
Flight,EV_5253
Flight,DL_2340
Flight,DL_42
WeatherDelay,dep_BNA_r1
WeatherDelay,dep_SAV_r1
Flight,WN_1797
Flight,WN_1833
Flight,DL_2447
Flight,DL_1214
Flight,WN_160
Flight,EV_5301
Flight,EV_5602
Flight,WN_516
Flight,OH_6693
Flight,WN_1593
Flight,WN_2540
Flight,E_4057
Flight,XE_2266
Flight,DL_1578
Flight,EV_7066
Flight,E_3905
Flight,DL_1250
Flight,EV_5116
Flight,EV_4940
Flight,EV_5238
Flight,EV_4989
Flight,FL_415
Flight,DL_2106
Flight,DL_2322
Flight,DL_2319
Flight,DL_1097
Flight,EV_4192
Flight,EV_4674
Flight,F9_233
Flight,DL_2001
Flight,AA_2021
Flight,DL_1982
Flight,DL_144
Flight,DL_1087
Flight,WN_1257
Flight,DL_270
Flight,DL_1495
Flight,WN_3683
Flight,DL_987
Flight,AA_1996
Flight,WN_3383
Flight,DL_1287
Flight,EV_4961
Flight,DL_1227
Flight,DL_841
Flight,WN_296
Flight,WN_1050
Flight,DL_1434
Breezy,wea_ori
Flight,EV_4608
Flight,EV_4547
Flight,DL_2935
WeatherDelay,dep_ATL_r7
Flight,WN_1816
Flight,WN_2766
Flight,YV_7278
Flight,XE_5847
Flight,WN_1141
Flight,EV_5676
Flight,DL_1289
Flight,WN_2328
Flight,XE_6029
Flight,XE_5899
Flight,WN_3109
Flight,WN_846
Flight,US_1216
Airport,RNO
City,Reno
Flight,OO_5527
Flight,EV_4319
Flight,DL_863
GeoLocation,RNO
GeoLocation,Reno
Flight,EV_5246
Flight,EV_5969
Flight,WN_852
Flight,WN_969
Flight,WN_863
Flight,FL_317
Flight,WN_1089
Flight,WN_1440
Flight,EV_4103
Flight,DL_875
Flight,EV_5939
Flight,EV_4321
Flight,YV_3775
Flight,EV_5307
Flight,XE_4240
Flight,OO_6530
Flight,XE_4614
WeatherDelay,dep_DL_ori_r2
Flight,YV_2943
Flight,WN_2103
Flight,EV_5360
Flight,EV_5737
Flight,XE_6018
Flight,DL_1160
Flight,FL_274
Flight,WN_813
Flight,XE_3032
Flight,XE_5974
Flight,DL_1697
Flight,WN_3005
Flight,WN_280
SecurityDelay,dep_ATL_r1
Flight,OO_6365
Flight,DL_380
Flight,XE_5952
Flight,FL_985
Flight,EV_5159
Flight,WN_764
Flight,WN_163
Flight,US_1990
Flight,EV_5390
Flight,WN_2293
Flight,DL_1932
Flight,MQ_3163
Flight,DL_2213
Flight,EV_4927
WeatherDelay,dep_SAV_r5
Flight,DL_2055
Flight,EV_4954
Flight,WN_3312
Flight,DL_997
Flight,WN_792
Flight,DL_2500
Flight,DL_988
Flight,DL_1702
Flight,OO_4528
Flight,EV_5294
Flight,DL_407
WeatherDelay,dep_car_r4
Flight,XE_5903
Flight,WN_63
Flight,EV_4216
Flight,DL_2403
Flight,F9_265
Flight,DL_1005
Flight,YV_2639
Flight,EV_6118
Flight,DL_2586
Flight,WN_1260
Flight,DL_2559
Flight,WN_1143
Flight,EV_5102
Flight,FL_550
Flight,YV_3751
Flight,DL_1142
Flight,DL_1606
Flight,DL_502
Flight,EV_4912
Flight,WN_4126
Flight,OO_5182
Flight,WN_3887
WeatherDelay,dep_BNA_r4
Flight,DL_811
Flight,F9_747
Flight,US_896
Flight,DL_1277
WeatherDelay,dep_ATL_r6
Flight,US_1718
Flight,EV_5878
Flight,EV_4929
Flight,EV_3267
Flight,EV_5550
Flight,EV_4208
Flight,EV_5528
Flight,EV_4091
Flight,DL_1363
Flight,FL_926
Flight,WN_3611
Flight,DL_1677
Flight,FL_226
Flight,EV_4991
Flight,WN_4185
Flight,EV_5411
Flight,EV_4901
Flight,WN_403
Flight,WN_4415
Flight,US_1810
Flight,EV_5395
Flight,WN_4428
Flight,DL_1854
Flight,WN_1950
Flight,DL_2265
Flight,WN_1204
Flight,WN_4433
Flight,US_1995
Flight,OO_4766
Flight,WN_1220
Flight,EV_4489
Flight,DL_2596
Flight,DL_1880
Flight,DL_478
Flight,EV_4622
Flight,EV_4368
Flight,DL_1103
HeavyRain,wea_ori
Flight,DL_2040
Flight,EV_4873
Flight,DL_2202
Flight,DL_2081
Flight,MQ_3178
Flight,DL_762
Flight,EV_3935
Flight,CO_337
Flight,OH_6530
Flight,WN_362
Flight,DL_1930
Flight,OH_6594
Flight,EV_4154
Flight,DL_967
Flight,DL_1965
WeatherDelay,dep_SAV_r4
Flight,WN_699
Flight,DL_1689
Flight,EV_4973
Flight,WN_739
Flight,DL_1102
Flight,DL_1143
Flight,DL_1758
Flight,DL_1774
Flight,DL_1727
Flight,WN_1561
Flight,WN_3146
Flight,EV_4767
Flight,MQ_3669
SecurityDelay,dep_CLT_r4
Flight,EV_5549
Flight,WN_822
Flight,US_1973
Flight,DL_1515
Flight,MQ_3117
Flight,DL_672
Flight,US_677
Flight,WN_33
Flight,FL_457
Flight,EV_5304
Flight,DL_652
Flight,DL_537
Flight,WN_2585
Flight,WN_1312
Flight,EV_4443
Flight,DL_2593
Flight,US_449
Flight,DL_1659
Flight,EV_6105
Flight,EV_5610
Flight,EV_5439
Flight,EV_4565
Airport,RST
Flight,EV_5107
Flight,DL_1840
Flight,WN_5616
Flight,DL_1485
Flight,DL_783
Flight,WN_5012
Flight,EV_5216
Flight,EV_5139
Flight,DL_2247
Flight,EV_5559
Flight,DL_1379
Flight,WN_2430
Flight,WN_5622
Flight,WN_4972
Flight,WN_5160
Flight,EV_5252
Foggy,wea_des
GeoLocation,RST
Flight,EV_5048
Flight,EV_5309
Flight,WN_2002
Flight,WN_727
Flight,WN_3861
Flight,EV_5078
Flight,FL_289
Flight,DL_2542
Flight,AA_1843
Flight,DL_1310
Flight,E_3582
Snow,wea_ori
SnowWeather,wea_ori
Flight,DL_2279
Flight,YV_7238
Flight,E_3650
Flight,OH_6410
Flight,DL_2969
Flight,EV_5510
Flight,WN_104
Flight,DL_1849
Flight,E_4046
Flight,EV_5451
Flight,EV_5154
Flight,DL_1531
Airport,ONT
City,Ontario
Flight,WN_1471
Flight,WN_1869
Flight,WN_1409
Flight,WN_1682
GeoLocation,ONT
GeoLocation,Ontario
Flight,EV_5405
Flight,DL_2435
Flight,DL_1124
Flight,DL_1120
Flight,AA_552
Flight,DL_315
Flight,OO_5988
Flight,OO_4877
Flight,OO_3545
Flight,WN_2917
Flight,DL_2289
Flight,WN_2671
Flight,WN_5742
Flight,WN_1340
Flight,EV_4872
Flight,US_32
Flight,DL_1067
Flight,YV_2670
Flight,EV_5186
Flight,EV_4440
Flight,EV_5996
Flight,DL_508
Flight,WN_536
Flight,WN_2282
Flight,EV_4439
Flight,EV_4144
Flight,EV_4280
Flight,EV_5268
Flight,DL_1564
Flight,DL_2170
Flight,DL_2094
Flight,UA_689
Flight,EV_5419
Flight,F9_1689
Flight,WN_53
Flight,EV_5576
Flight,CO_1143
Flight,DL_2975
Flight,DL_2237
Flight,WN_1571
Flight,E_3849
Flight,WN_2497
Flight,US_1578
Flight,WN_1386
Flight,DL_2398
Flight,DL_1182
Flight,DL_786
Flight,OO_4822
Flight,WN_1265
Flight,EV_4034
Flight,EV_5500
Flight,DL_1385
Flight,DL_1458
Flight,DL_1491
Flight,DL_586
Flight,DL_2425
Flight,EV_5026
Flight,WN_4563
Flight,EV_6176
Flight,WN_4218
Flight,WN_4037
Flight,WN_4350
Flight,DL_2798
Flight,DL_1321
Flight,EV_5340
Flight,EV_5237
Flight,WN_3583
Flight,WN_5300
Flight,OO_4567
Flight,WN_2527
Flight,EV_4981
Flight,DL_2220
Flight,WN_2458
Flight,WN_2838
Flight,WN_6249
Flight,WN_3677
Flight,WN_6157
Flight,WN_494
Flight,WN_2983
Flight,WN_5117
Flight,EV_4874
Flight,DL_2532
Flight,DL_1685
Flight,EV_4937
Flight,DL_1361
Flight,DL_476
Flight,MQ_3430
Flight,DL_350
Flight,DL_1311
Flight,DL_1585
Flight,DL_753
Flight,WN_6123
Flight,DL_752
Flight,DL_653
Flight,WN_5930
Flight,DL_1337
Flight,DL_915
Flight,WN_6283
Flight,EV_5166
Flight,DL_2832
Flight,AA_1971
WeatherDelay,dep_car_r7
Flight,EV_5372
PossibleLightRain,wea_des
Flight,EV_4382
Flight,OO_4477
Flight,DL_1228
Flight,EV_5074
Flight,WN_6076
Flight,YV_3772
Flight,WN_2578
Flight,DL_2062
Flight,DL_739
Flight,DL_1297
Flight,WN_210
Flight,WN_452
Flight,FL_544
Flight,WN_1075
Flight,DL_1775
Flight,FL_934
Flight,EV_4191
Flight,DL_953
Flight,EV_5262
Flight,DL_990
Flight,DL_499
Flight,EV_7107
Flight,DL_1441
Flight,XE_2081
Flight,WN_531
Flight,XE_2881
Flight,WN_2360
Flight,XE_2010
Flight,YV_2938
Flight,DL_2339
Flight,EV_4942
Flight,DL_546
Flight,DL_427
Flight,XE_5926
Airport,LGB
City,Long_Beach
Flight,DL_1760
Flight,WN_3353
Flight,OO_4812
Flight,EV_4559
Flight,EV_4164
Flight,WN_1501
Flight,WN_3549
Flight,WN_1762
Flight,DL_1600
GeoLocation,LGB
GeoLocation,Long_Beach
Flight,WN_3430
Flight,WN_1494
Flight,WN_3161
Flight,DL_1847
Flight,FL_490
Flight,EV_3816
Flight,EV_3833
Flight,WN_213
Flight,WN_2536
Flight,DL_475
Flight,DL_1669
Flight,WN_3521
Flight,WN_1122
Flight,EV_5401
WeatherDelay,dep_ATL_r3
Flight,DL_489
Flight,EV_5047
Flight,AA_891
Flight,WN_5100
Flight,XE_5931
Flight,XE_6138
Flight,EV_5433
Flight,DL_2028
Flight,YV_3766
Flight,XE_4236
Flight,EV_5981
Flight,WN_1536
Flight,EV_3812
Flight,DL_2068
Flight,DL_2182
Flight,DL_740
Flight,EV_4895
Flight,EV_5940
Flight,DL_2492
Flight,DL_2602
Flight,EV_5423
Flight,XE_3055
Flight,WN_3259
Flight,XE_2986
Flight,YV_2629
Flight,OO_6977
Flight,EV_7345
Flight,EV_7069
Flight,EV_4964
Flight,UA_468
Flight,EV_5017
Flight,WN_600
Flight,EV_6020
Flight,WN_3186
Flight,WN_3640
WeatherDelay,dep_ATL_r10
WeatherDelay,dep_car_r2
Flight,EV_4331
Flight,EV_4171
Flight,WN_856
Flight,WN_253
Flight,EV_4715
Flight,WN_2598
Flight,DL_2434
Flight,DL_2620
Flight,WN_5025
Flight,WN_5446
Flight,WN_100
Flight,OO_5237
Flight,DL_1869
WeatherDelay,dep_car_r8
Flight,DL_881
Flight,DL_883
Flight,DL_449
Flight,DL_1202
Flight,DL_98
Flight,XE_2264
Flight,DL_1917
Flight,XE_2947
Flight,EV_4949
Flight,DL_1330
Flight,E_4360
Flight,DL_1890
Flight,EV_7095
Flight,DL_1432
Flight,FL_1816
Flight,DL_2318
Flight,AA_2464
Flight,DL_2295
Flight,US_1723
Flight,US_639
Flight,DL_1790
Flight,DL_1846
Flight,US_1996
Flight,DL_2066
Flight,XE_6074
Flight,XE_2982
Flight,OO_5839
WeatherDelay,dep_ATL_r1
Flight,WN_5848
Flight,DL_7396
SecurityDelay,dep_CLT_r3
Flight,DL_2276
Flight,DL_2313
Flight,EV_5913
Flight,DL_973
Flight,OO_5277
Flight,UA_469
Flight,DL_2624
Flight,DL_2043
Flight,DL_1793
Flight,OO_4601
Flight,EV_5110
Flight,DL_1130
Foggy,wea_ori
Airport,FSD
City,Sioux_Falls
Flight,DL_2044
GeoLocation,S_SD
GeoLocation,Sioux_Falls
GeoLocation,FSD
State,S_SD
Flight,EV_5443
Flight,DL_1323
Flight,WN_2747
Flight,WN_4226
Flight,OO_4670
Flight,WN_2039
Flight,OO_4522
Flight,EV_5391
Flight,WN_5385
WeatherDelay,dep_ATL_r9
Flight,WN_256
Flight,YV_2897
Flight,WN_1302
Flight,EV_4996
Flight,XE_2526
Flight,EV_5686
Flight,EV_4896
Flight,DL_995
Flight,WN_2480
Flight,WN_162
Flight,XE_6139
Flight,EV_5695
Flight,EV_5027
Flight,DL_1885
Flight,DL_943
Flight,EV_6092
Flight,DL_1174
Flight,YV_3785
Flight,B6_2942
Flight,DL_1063
Flight,DL_1811
Flight,EV_4425
Flight,EV_5709
Flight,DL_1812
Flight,DL_2424
Flight,US_2052
Flight,EV_4581
Flight,EV_5015
Flight,DL_2060
Flight,EV_4230
Flight,WN_3742
Flight,DL_1303
Flight,WN_1022
Flight,OO_4564
Flight,OO_4466
Flight,DL_2076
Flight,DL_2418
Flight,DL_1381
Flight,WN_1872
Flight,WN_1993
Flight,AA_1787
Flight,OO_5227
Flight,AA_508
Flight,WN_2910
Flight,WN_3802
Flight,DL_105
Flight,EV_5982
Flight,EV_5396
Flight,EV_5474
Flight,FL_1129
Flight,E_3979
Flight,WN_830
Flight,DL_440
Flight,YV_2729
Flight,US_1863
Flight,FL_569
Flight,FL_465
Flight,WN_1548
Flight,WN_1508
Flight,EV_5072
Flight,EV_4347
Flight,DL_1693
Flight,XE_6064
Flight,EV_5160
Flight,FL_406
Flight,WN_6602
Flight,WN_4007
Flight,DL_2788
Flight,DL_463
Flight,EV_5229
Flight,DL_761
Flight,WN_2363
Flight,WN_4063
Flight,WN_2337
Flight,DL_840
Flight,WN_3424
Flight,DL_775
Flight,EV_5967
Airport,BOI
City,Boise
Flight,EV_5601
Flight,MQ_2990
Flight,WN_3279
Flight,WN_1334
Flight,EV_4990
Flight,WN_3906
Flight,WN_122
Flight,DL_869
GeoLocation,Boise
GeoLocation,BOI
GeoLocation,S_ID
HeavyRain,wea_des
State,S_ID
Flight,DL_2407
Flight,DL_2141
Flight,DL_2244
Flight,EV_5938
Flight,EV_4330
Flight,EV_4933
Flight,WN_4526
Flight,WN_2086
Flight,UA_504
Flight,EV_5089
Flight,DL_1395
Flight,WN_3721
Flight,DL_706
Flight,EV_4543
Flight,YV_2787
Flight,EV_5121
Flight,YV_2695
Flight,DL_248
Flight,EV_4356
Flight,YV_3788
Flight,EV_3850
Flight,XE_2128
Flight,EV_5397
Flight,DL_1707
Flight,OO_5595
Flight,XE_4712
Flight,US_1050
Flight,WN_754
Flight,EV_4117
Flight,DL_2320
Flight,WN_4796
Flight,WN_660
Flight,WN_1026
Flight,EV_4545
Flight,OO_4641
Flight,US_421
Flight,YV_2876
Flight,YV_3743
Flight,EV_4919
Flight,DL_766
Flight,WN_3522
Flight,WN_1144
Flight,US_1489
Flight,WN_385
Flight,XE_5828
Flight,EV_3810
Flight,OH_6258
Flight,E_3708
Flight,OH_6290
Flight,DL_1159
Flight,EV_2410
Flight,EV_5849
Flight,XE_5836
Flight,DL_2528
Flight,XE_5949
Flight,EV_5577
Flight,OO_4512
Flight,DL_1925
Flight,EV_5864
Flight,DL_2562
Flight,EV_5194
Flight,DL_2842
Flight,EV_5256
Flight,DL_1809
Flight,EV_5173
SecurityDelay,dep_BNA_r1
Flight,EV_4353
Flight,EV_4570
Flight,DL_1997
Flight,WN_3394
Flight,WN_2099
Flight,DL_2436
Flight,DL_776
Flight,AA_889
Flight,DL_433
Flight,EV_4987
Flight,EV_5031
Flight,US_1977
Flight,EV_5129
Flight,EV_5008
Flight,DL_123
Flight,E_4284
Flight,EV_5542
Flight,DL_2790
Flight,WN_2409
Flight,DL_898
Flight,AA_1820
Flight,EV_5458
Flight,DL_1493
Flight,WN_2610
Flight,AA_619
Flight,WN_4061
Flight,DL_2629
Flight,EV_4212
Flight,DL_1125
Flight,DL_2604
Flight,EV_3835
Flight,EV_6021
Flight,EV_5947
Flight,EV_5626
Flight,FL_212
Flight,DL_1863
Flight,EV_5704
Flight,WN_1791
Flight,WN_4120
Flight,YV_2737
Flight,WN_1686
Flight,EV_5598
Flight,EV_4096
Flight,EV_4509
Flight,WN_1975
Flight,EV_5833
Flight,DL_2381
Flight,EV_5247
Flight,DL_2544
Flight,EV_5546
Flight,DL_919
Flight,DL_2123
Flight,WN_761
Flight,US_1979
Flight,EV_4876
Flight,DL_2506
Flight,DL_2363
Flight,WN_2909
Flight,WN_3131
Flight,WN_1596
Flight,YV_3769
Flight,WN_3201
Flight,WN_2678
Flight,EV_6057
Flight,F9_423
Flight,E_3332
Airport,FCA
City,Kalispell
Flight,YV_2764
Flight,DL_2082
Flight,FL_459
GeoLocation,FCA
GeoLocation,Kalispell
Flight,EV_5587
Flight,DL_2169
Flight,XE_5737
Flight,EV_7037
Flight,DL_74
Flight,WN_3315
Flight,WN_6783
Flight,DL_2804
Flight,WN_6830
Flight,US_1224
Flight,XE_5823
Flight,WN_936
Flight,WN_3255
Flight,WN_3332
Flight,WN_286
SecurityDelay,dep_BNA_r3
Flight,MQ_2794
Flight,EV_7105
Flight,FL_1944
Flight,WN_2241
Flight,DL_2840
Flight,EV_4403
Airport,DHN
City,Dothan
Flight,EV_5006
GeoLocation,DHN
GeoLocation,Dothan
Flight,DL_935
Flight,DL_1973
Flight,DL_743
Flight,DL_505
Flight,EV_5164
Flight,DL_2587
Flight,EV_5039
Flight,EV_5622
Flight,WN_1812
Flight,DL_2051
Flight,DL_2817
Flight,DL_2179
Flight,EV_4886
Flight,DL_1828
Flight,XE_2244
Flight,EV_3269
Flight,OO_5770
Flight,EV_4976
Flight,EV_5522
Flight,EV_5036
Flight,EV_5629
Flight,DL_2335
Flight,WN_6735
Flight,EV_5346
Flight,EV_7106
Flight,OH_6235
Flight,YV_7330
Flight,EV_7094
Flight,FL_339
Flight,DL_1783
Flight,DL_1206
Flight,UA_1195
Flight,DL_712
Flight,EV_4887
Flight,XE_5996
SecurityDelay,dep_car_r1
Flight,DL_782
Flight,DL_424
Flight,WN_3704
Flight,XE_5861
Flight,XE_5988
Flight,EV_4861
Flight,EV_4879
Flight,DL_1218
Flight,EV_5468
Flight,OO_6434
Airport,EGE
City,Eagle
Flight,DL_2176
Flight,EV_5548
Flight,EV_5603
Flight,OH_6471
Flight,DL_2073
Flight,OH_6672
Flight,US_1085
Flight,YV_7161
Flight,XE_5673
Flight,EV_5464
Flight,DL_1654
Flight,DL_750
Flight,WN_3607
Flight,YV_7003
Flight,E_874
Flight,XE_2311
Flight,WN_3467
GeoLocation,Eagle
GeoLocation,EGE
Flight,DL_1566
Flight,DL_1148
Flight,WN_3961
Flight,WN_2313
Flight,EV_5251
Flight,DL_507
Flight,DL_1386
Flight,WN_550
Flight,EV_5342
Flight,XE_6070
Flight,FL_319
Flight,XE_5806
SecurityDelay,dep_CLT_r2
Flight,EV_4663
Flight,EV_4464
Flight,YV_3764
Flight,EV_4908
Flight,WN_1011
Flight,EV_6148
Flight,WN_124
Flight,EV_5055
Flight,WN_2572
Flight,E_3963
Flight,EV_5170
Flight,XE_5987
Flight,EV_5082
Flight,EV_5956
Flight,WN_1901
Flight,WN_2090
Flight,FL_198
Flight,WN_974
Flight,WN_1671
Flight,WN_2046
Flight,WN_2160
Flight,DL_570
Flight,WN_1705
Flight,US_2024
Flight,EV_4369
Flight,EV_5953
Flight,EV_5874
Flight,WN_414
Flight,EV_4139
Flight,WN_2479
Flight,DL_431
Flight,WN_2195
Flight,DL_1877
WeatherDelay,dep_BNA_r2
Flight,DL_664
Flight,XE_2295
Airport,PFN
Flight,EV_5455
GeoLocation,PFN
Flight,EV_4611
SecurityDelay,dep_car_r8
SecurityDelay,dep_ATL_r3
SecurityDelay,dep_DL_ori_r3
Flight,WN_330
Flight,WN_2912
Flight,DL_992
Flight,WN_943
Flight,DL_1674
Flight,WN_2667
Flight,DL_453
Flight,DL_2850
Flight,WN_4168
Flight,WN_651
Flight,DL_1325
Flight,EV_6128
Flight,WN_3952
Flight,WN_3295
Flight,WN_3809
Flight,AA_563
Flight,EV_4429
Flight,WN_2151
Flight,DL_1017
Flight,E_3622
Flight,FL_215
Flight,EV_5021
Flight,DL_2451
Flight,EV_4093
Flight,DL_1247
Flight,WN_1616
Flight,WN_3575
Flight,WN_3548
Flight,EV_5621
Flight,UA_262
Flight,DL_2757
Flight,EV_5992
Flight,EV_4276
Flight,WN_1534
Flight,EV_4241
Flight,EV_5930
Flight,EV_5436
Flight,EV_5437
Flight,WN_922
Flight,US_905
Flight,WN_1736
Flight,WN_3212
Flight,WN_4039
Airport,FSM
City,Fort_Smith
Flight,DL_2847
Flight,DL_305
GeoLocation,FSM
GeoLocation,Fort_Smith
SecurityDelay,dep_car_r9
Flight,XE_6137
Flight,EV_4960
Flight,OO_5979
Flight,EV_5208
Flight,WN_2906
Flight,E_3795
Flight,WN_2847
Flight,EV_4681
Flight,WN_2372
Flight,EV_3270
Flight,DL_2555
Flight,EV_4642
Flight,UA_741
Flight,AA_2037
Flight,DL_1378
Flight,DL_228
Flight,EV_3825
Flight,EV_5918
Flight,EV_5111
Flight,DL_1454
Flight,DL_821
Flight,DL_381
Flight,FL_7
Flight,XE_5990
Flight,WN_1894
Flight,WN_1299
Flight,XE_5856
Flight,EV_4928
Flight,WN_1946
Flight,EV_7090
Flight,WN_617
Flight,EV_5404
Flight,WN_116
Flight,DL_1538
Flight,EV_5188
Flight,WN_1306
Flight,DL_708
Flight,WN_297
Flight,WN_920
Flight,EV_5364
Flight,DL_2614
Airport,FAR
City,Fargo
Flight,DL_7358
GeoLocation,Fargo
GeoLocation,S_ND
GeoLocation,FAR
State,S_ND
SecurityDelay,dep_ATL_r11
Flight,US_1935
Flight,XE_6062
Flight,EV_4678
Flight,EV_4882
Flight,XE_6149
Flight,DL_302
Flight,EV_5748
Flight,WN_513
Flight,WN_1033
Flight,XE_6143
Flight,DL_1371
WeatherDelay,dep_ATL_r13
Flight,EV_5158
Flight,DL_1302
Flight,EV_7087
SecurityDelay,dep_SAV_r2
Flight,DL_2377
Flight,DL_1437
Flight,WN_6764
Flight,WN_1786
Flight,WN_5169
Flight,WN_935
Flight,WN_58
Flight,EV_4549
Flight,WN_1171
Flight,EV_5731
Flight,WN_1281
Flight,WN_3365
Flight,WN_1420
Flight,EV_4349
Flight,OO_6429
Flight,EV_5206
Flight,DL_2609
Flight,OO_5823
Flight,WN_1124
Flight,DL_1744
Flight,XE_2343
Flight,XE_5758
Flight,WN_1429
Flight,YV_7321
Airport,RAP
City,Rapid_City
Flight,EV_5743
Flight,WN_2300
Flight,YV_2656
Flight,EV_5615
Flight,DL_1902
Flight,WN_980
GeoLocation,Rapid_City
GeoLocation,RAP
Flight,XE_6059
Flight,OO_4737
Flight,WN_724
Flight,DL_887
Flight,EV_4993
Flight,EV_5926
Flight,YV_2606
Flight,EV_5149
Flight,DL_1224
Flight,DL_1223
Flight,DL_1384
Flight,DL_857
Flight,DL_2187
Flight,DL_422
Flight,DL_1622
Flight,DL_2810
Flight,WN_20
Flight,EV_4890
Flight,WN_1569
Flight,E_3331
Flight,EV_4310
Flight,EV_5318
Flight,WN_2857
Flight,WN_1014
Flight,OO_7041
Flight,YV_3789
Flight,XE_6171
Flight,DL_1821
Flight,EV_5112
Flight,EV_5911
Flight,EV_4523
Flight,DL_2282
Flight,OH_6579
Flight,FL_476
Flight,EV_7081
Flight,DL_912
Flight,DL_409
Flight,EV_6048
SecurityDelay,dep_ATL_r7
Flight,DL_668
Flight,EV_4426
Flight,OO_4580
Flight,DL_2177
Flight,WN_1691
Flight,WN_3432
Flight,DL_205
Flight,UA_132
Flight,EV_5049
Flight,WN_1689
Flight,DL_1342
Flight,DL_561
Flight,F9_952
Flight,EV_4720
Flight,DL_1373
Flight,DL_1786
Flight,DL_852
Flight,DL_793
Flight,EV_5495
Flight,DL_2515
Flight,XE_6108
Flight,EV_5736
Flight,DL_1905
Flight,OO_4476
SecurityDelay,dep_CLT_r5
Flight,WN_1039
Flight,WN_2688
Flight,WN_2662
Flight,DL_1204
Flight,DL_848
Flight,EV_4224
Flight,DL_1858
Flight,DL_1873
Flight,DL_1487
Flight,B6_1542
Flight,DL_1347
Flight,DL_1789
Flight,OO_4780
Flight,DL_815
Flight,EV_5387
Flight,DL_2366
Flight,DL_1231
Flight,DL_1663
Flight,DL_795
Flight,EV_5363
Flight,DL_2188
Flight,DL_1703
Flight,DL_1603
SecurityDelay,dep_ATL_r5
Flight,EV_5545
Flight,DL_850
Flight,DL_454
Flight,EV_5264
Flight,DL_886
Flight,DL_1700
Flight,DL_1523
Flight,EV_5198
Flight,EV_6001
Flight,EV_7349
Flight,DL_1971
Flight,EV_5627
Flight,WN_1699
Flight,DL_1012
Flight,YV_7288
Flight,WN_1627
Flight,EV_5069
Flight,XE_5953
Flight,XE_5697
Flight,DL_1007
Flight,YV_2744
Flight,DL_2597
Flight,WN_3495
Flight,WN_2976
Flight,MQ_3171
Flight,WN_4057
Flight,WN_1554
Flight,WN_1530
Flight,OO_3521
Flight,WN_6335
Flight,DL_1208
Flight,WN_1740
Flight,OO_3553
Flight,DL_1536
Flight,DL_1898
Flight,DL_2223
Flight,DL_2857
Airport,MLU
Airport,TUL
City,Tulsa
City,Monroe
Flight,WN_3535
Flight,WN_258
Flight,WN_674
Flight,EV_5122
Flight,EV_5571
GeoLocation,MLU
GeoLocation,Tulsa
GeoLocation,Monroe
GeoLocation,TUL
Flight,EV_5907
Flight,DL_1658
Flight,EV_3824
Flight,WN_701
Flight,WN_115
Flight,FL_129
Flight,DL_1681
Flight,DL_676
Flight,DL_28
Flight,DL_333
Flight,DL_1645
Flight,DL_1765
Flight,DL_1217
Flight,AA_1633
Flight,XE_3133
Flight,WN_1771
Flight,EV_5341
Flight,XE_2871
Flight,EV_5726
Flight,WN_1912
Flight,DL_436
Flight,WN_953
Flight,WN_1071
Flight,DL_697
Flight,WN_850
Flight,DL_1053
Flight,EV_5350
Flight,EV_5077
Flight,EV_5064
Flight,EV_6100
Flight,OO_6212
Flight,EV_5589
Humid,wea_ori
Flight,EV_5214
Flight,EV_4567
Flight,DL_1036
Flight,DL_1133
Flight,DL_1335
Flight,EV_5205
Flight,DL_316
Flight,WN_2728
Flight,WN_2639
Flight,WN_2691
Flight,WN_4171
Flight,DL_2476
Flight,WN_3826
Flight,WN_3142
Flight,WN_4076
Flight,EV_4259
Flight,EV_5203
Flight,DL_1844
Flight,WN_2950
Flight,EV_5351
Flight,OO_5639
Flight,XE_6071
Flight,XE_5900
Flight,OO_4523
Flight,DL_677
Flight,OO_5249
Flight,WN_3200
Flight,FL_554
Flight,US_1468
Flight,EV_4576
Flight,XE_5665
Flight,EV_4877
Flight,DL_1440
Flight,EV_5265
Flight,OO_5193
Flight,WN_2289
Flight,EV_5375
Flight,E_4181
Flight,WN_867
Flight,WN_2704
Flight,FL_427
Flight,XE_2521
Flight,OH_6406
Flight,FL_99
Flight,DL_2674
Flight,DL_940
Flight,XE_6089
Flight,WN_3413
Flight,XE_2596
Flight,DL_2871
Flight,DL_2647
Flight,EV_5520
Flight,EV_5013
Flight,DL_2100
Flight,DL_1398
Flight,DL_1086
Flight,DL_2770
Flight,WN_876
Flight,FL_66
Flight,DL_318
Flight,FL_676
Flight,EV_4162
Flight,EV_5613
Flight,DL_2215
Flight,DL_1006
Flight,WN_1834
Flight,YV_2672
Flight,EV_4875
Flight,DL_1426
SecurityDelay,dep_ATL_r9
Flight,DL_1146
Flight,DL_1334
Flight,EV_5176
Flight,OO_5642
Flight,EV_4975
Flight,WN_2380
Flight,WN_2532
Flight,WN_6315
Flight,EV_3982
Flight,EV_5320
Flight,WN_3842
Flight,XE_5922
Flight,DL_2271
Flight,DL_2700
Flight,EV_5700
Flight,FL_86
Flight,XE_5824
Flight,DL_2825
Flight,YV_2676
Flight,YV_2612
Flight,DL_1236
Flight,YV_7275
Flight,DL_1582
Flight,DL_2278
Flight,US_1029
Flight,EV_4225
Flight,WN_2449
Flight,DL_2225
Flight,WN_4835
Flight,DL_1528
Flight,EV_5865
Flight,DL_2431
Flight,YV_7111
Flight,WN_821
Flight,EV_5091
Flight,XE_2710
Flight,YV_7091
Flight,EV_5470
Flight,XE_5722
Flight,FL_233
Flight,WN_2364
Flight,YV_3749
Flight,DL_670
Flight,WN_2376
Flight,WN_3776
Flight,DL_1631
Flight,AA_407
Flight,XE_5942
Flight,DL_1069
Flight,EV_3827
Flight,EV_4085
Flight,EV_5718
Flight,EV_5090
Flight,DL_528
Flight,DL_929
Airport,GEG
City,Spokane
GeoLocation,GEG
GeoLocation,Spokane
Flight,WN_4878
Flight,DL_2496
Flight,XE_5959
Flight,EV_6055
Flight,WN_1916
Flight,WN_3436
Flight,WN_377
Flight,WN_397
Flight,WN_749
Flight,WN_1007
Flight,DL_1077
Flight,EV_4615
Flight,FL_167
Flight,DL_2132
Flight,XE_2325
Flight,WN_1613
Flight,EV_4633
Flight,EV_4585
Flight,EV_5863
Flight,DL_1070
Flight,WN_3362
Flight,WN_4674
Flight,WN_2576
Flight,DL_2834
Flight,OH_6266
Flurries,wea_ori
Flight,YV_3791
Flight,WN_299
Flight,XE_2579
Flight,EV_5946
Flight,EV_5905
Flight,US_2016
Flight,US_871
Flight,WN_2810
Flight,WN_719
Flight,WN_217
Flight,US_1864
Flight,WN_329
Flight,WN_2089
Flight,OO_5486
Flight,EV_5012
Flight,DL_958
Flight,EV_5211
Flight,EV_5274
Flight,DL_1933
Flight,DL_962
Flight,XE_5975
Flight,DL_2679
Flight,EV_5212
Flight,XE_4342
Flight,OO_5927
Flight,DL_1497
Flight,XE_5897
Flight,EV_5087
Flight,XE_3007
Flight,EV_6132
Flight,DL_1516
Flight,DL_470
Airport,MSO
City,Missoula
Flight,DL_1145
Flight,DL_614
Flight,OO_2958
Flight,OO_4797
Flight,DL_647
Flight,OO_4943
GeoLocation,MSO
GeoLocation,Missoula
Flight,OO_5491
Flight,EV_4134
Flight,E_4006
Flight,EV_5631
Flight,DL_2131
Flight,DL_2077
Flight,UA_690
Flight,WN_5459
Flight,OO_5268
Flight,UA_696
Flight,EV_5210
Flight,DL_873
Flight,EV_5344
Flight,DL_2178
Flight,FL_292
Flight,WN_178
Flight,XE_5838
Flight,XE_6032
Flight,AA_576
Flight,EV_4176
Flight,EV_4750
Flight,EV_5054
Flight,WN_751
Flight,DL_2649
Flight,WN_2233
Flight,EV_5132
Flight,DL_1907
Flight,EV_7006
Flight,DL_2474
Flight,DL_2376
Flight,EV_5157
Flight,EV_5028
Flight,DL_2154
Flight,WN_3216
Flight,DL_387
Flight,EV_4137
Flight,EV_5995
Flight,DL_2281
Flight,WN_1059
Flight,EV_6174
Flight,EV_5279
Flight,WN_1503
Flight,WN_1304
Flight,WN_249
Flight,WN_1581
Flight,DL_1205
Flight,WN_4094
Flight,XE_5909
Flight,WN_3038
Flight,WN_1030
Flight,WN_294
Flight,DL_816
Flight,YV_7264
Flight,DL_678
Flight,DL_1157
Flight,WN_525
Flight,DL_1095
Flight,WN_1856
Flight,WN_1177
Flight,OO_5186
Flight,DL_2444
Flight,WN_1887
Flight,DL_888
Flight,DL_806
Flight,WN_1457
Flight,WN_4965
Flight,EV_3829
Flight,DL_1756
Flight,WN_2897
Flight,WN_4735
Flight,DL_629
Flight,OO_5212
Flight,DL_872
Flight,DL_1581
Flight,XE_6126
Flight,EV_5543
Flight,WN_2761
Flight,DL_1499
Flight,EV_5092
Flight,YV_2677
Flight,DL_2472
Flight,DL_1129
Flight,WN_4344
Flight,WN_1942
Flight,YV_7187
Flight,WN_1608
Flight,YV_7343
Flight,DL_2668
Flight,EV_5763
Flight,XE_6044
Flight,DL_2354
Flight,EV_4952
Flight,WN_1218
Flight,XE_2363
Flight,DL_1092
Flight,EV_7073
Flight,YV_7311
Flight,YV_7270
Flight,WN_2105
Flight,WN_1914
Flight,DL_930
Flight,EV_3272
Flight,WN_2299
Flight,WN_200
Flight,WN_1796
Flight,UA_805
Flight,DL_2816
Flight,OO_6440
Flight,XE_4161
Flight,WN_4460
Flight,EV_5337
Flight,DL_1591
Flight,DL_1106
SecurityDelay,dep_DL_ori_r1
Flight,XE_3090
Flight,WN_1016
Flight,WN_1212
Flight,DL_889
Flight,DL_209
Flight,DL_1799
Flight,DL_304
Flight,EV_5105
Flight,EV_5009
Flight,DL_1138
Flight,DL_2822
Flight,WN_4547
Flight,EV_3766
Flight,OO_5385
Flight,DL_485
Flight,DL_964
Flight,EV_4123
Flight,EV_5758
Flight,EV_4430
Flight,WN_3114
Flight,DL_921
Flight,DL_1449
Flight,EV_5521
Flight,YV_7332
Flight,EV_5288
Flight,YV_7154
Flight,XE_5807
Flight,WN_3995
Flight,WN_1504
Flight,WN_1943
Flight,WN_4256
Flight,WN_1582
Flight,XE_5675
Flight,EV_4325
Flight,XE_5875
Flight,DL_798
Flight,DL_779
Flight,EV_5199
Flight,OO_4703
Flight,OO_4569
Flight,WN_2017
Flight,DL_1319
Flight,E_3633
Flight,EV_4612
Flight,UA_1052
Flight,WN_2476
Flight,E_3862
Flight,WN_2448
Flight,DL_1956
Flight,WN_963
Flight,EV_3255
Flight,DL_802
Flight,CO_1793
Flight,DL_1054
Flight,WN_3035
Flight,WN_1433
Flight,WN_1922
Flight,EV_4607
Flight,EV_5150
Flight,EV_5489
Flight,OO_5503
Flight,DL_748
Flight,WN_1513
Flight,WN_4303
Flight,DL_2503
Flight,EV_5020
Flight,WN_4215
Flight,EV_4197
Flight,WN_5032
Flight,WN_262
Flight,WN_5126
Flight,DL_2479
Flight,EV_5298
SecurityDelay,dep_SAV_r1
Flight,EV_4944
Flight,EV_5753
Flight,XE_6054
Flight,EV_4472
Flight,XE_6120
Flight,EV_4387
Flight,WN_4067
Flight,EV_3869
Flight,DL_2406
Flight,DL_2484
Flight,AA_843
Flight,AA_2059
Flight,WN_4515
Flight,WN_4813
Flight,DL_1530
Flight,WN_3509
Flight,DL_428
Flight,DL_547
Flight,WN_2170
Flight,DL_1248
SecurityDelay,dep_CLT_r1
Flight,OO_5346
Flight,EV_5739
Flight,EV_4130
Flight,WN_1977
Flight,WN_449
Flight,EV_5180
Flight,XE_5921
Flight,WN_4374
Flight,WN_282
Flight,EV_6120
Flight,WN_1038
Flight,EV_4314
Flight,WN_728
Flight,DL_2212
Flight,WN_6888
Flight,WN_5952
Flight,EV_4680
Flight,WN_5727
Flight,WN_5869
Flight,EV_5333
Flight,XE_2742
Flight,XE_4326
Flight,DL_729
Flight,DL_526
Flight,EV_4616
Flight,EV_5978
Airport,LFT
City,Lafayette
Flight,DL_541
Flight,EV_4905
Flight,DL_945
Flight,EV_4389
GeoLocation,Lafayette
GeoLocation,LFT
Flight,WN_1538
Flight,XE_5972
Flight,XE_6175
Flight,EV_5162
Flight,DL_545
Flight,DL_446
Flight,XE_5914
Flight,OO_7334
Flight,XE_5945
Flight,WN_259
Flight,WN_551
Flight,WN_740
Flight,DL_7392
Flight,WN_1667
Flight,DL_985
Flight,WN_783
Flight,EV_5868
Flight,US_447
Flight,DL_1450
Flight,DL_1243
Flight,DL_1934
Flight,WN_457
Flight,WN_3875
Flight,OO_5888
Flight,WN_221
Flight,DL_890
Flight,UA_1448
Flight,OO_4617
Flight,DL_176
Flight,DL_2463
Flight,DL_2288
Flight,WN_541
Flight,WN_1095
Flight,WN_1198
Flight,EV_4900
Flight,DL_1273
Flight,WN_207
Flight,E_3695
Flight,WN_1954
Flight,WN_1911
Flight,WN_2642
Flight,FL_1772
Flight,DL_1655
Flight,WN_3612
Flight,DL_860
Flight,EV_4229
Flight,EV_6165
Flight,E_4326
Flight,DL_30
SecurityDelay,dep_SAV_r3
Flight,EV_6050
Flight,EV_5817
Flight,EV_4688
Flight,EV_5114
Flight,DL_1576
Flight,WN_3600
Flight,AA_517
Flight,WN_2191
Flight,WN_3481
Flight,WN_1599
Flight,EV_4043
Flight,EV_5094
Flight,EV_4087
Flight,EV_4107
Flight,EV_4258
Flight,DL_420
Flight,DL_2069
Flight,WN_4237
Flight,OO_4820
Flight,XE_4700
Flight,EV_4871
Flight,OO_5800
Flight,OO_4825
Flight,WN_2560
Flight,OH_6520
Flight,WN_1703
Flight,YV_7131
Flight,US_1118
Flight,OO_4732
Airport,MOT
City,Minot
Flight,WN_117
Flight,WN_495
GeoLocation,Minot
GeoLocation,MOT
SecurityDelay,dep_car_r7
Flight,DL_2459
Flight,EV_4526
Flight,EV_5715
Flight,DL_1593
Flight,WN_244
Flight,WN_366
Flight,WN_954
Flight,US_381
Flight,EV_5240
Flight,WN_1056
Flight,DL_1492
Flight,DL_1979
Flight,DL_1878
Flight,WN_5629
Flight,WN_3947
Flight,DL_1624
Flight,US_1182
Flight,WN_6329
Flight,DL_771
Flight,AA_893
Flight,DL_2027
Flight,WN_2052
Airport,CHA
City,Chattanooga
GeoLocation,CHA
GeoLocation,Chattanooga
Flight,WN_1843
Flight,EV_4198
Flight,DL_1047
Flight,EV_4281
Flight,US_1083
Flight,EV_7102
Flight,E_3773
Flight,WN_1803
Flight,YV_7249
Flight,YV_3733
Flight,WN_1058
Flight,WN_845
Flight,MQ_3546
Flight,MQ_4337
Flight,DL_1761
Flight,WN_567
Flight,DL_2370
Flight,EV_4341
Flight,AA_1473
Flight,AA_1803
Flight,EV_4892
LightSnow,wea_ori
Flight,DL_1784
Flight,WN_2340
Flight,WN_3895
Flight,EV_5853
Flight,WN_3645
Flight,WN_3606
Flight,E_4311
Flight,XE_3129
Flight,WN_436
Flight,WN_2759
Flight,XE_2818
Flight,XE_2865
Flight,EV_5336
Flight,XE_6188
Flight,EV_4909
Flight,EV_3259
Flight,OO_4744
Flight,XE_5999
Flight,EV_5632
Flight,WN_705
Flight,WN_3486
Flight,EV_4223
Flight,EV_5007
Flight,DL_1463
Flight,DL_2520
Flight,DL_1196
Flight,WN_1110
Flight,EV_5759
Flight,WN_1824
Flight,XE_5840
Flight,UA_204
Flight,EV_5661
Flight,XE_6079
SecurityDelay,dep_BNA_r2
Flight,EV_4141
Flight,DL_968
Flight,OH_6339
Flight,WN_170
Flight,XE_5799
Flight,YV_7328
Flight,EV_4914
Flight,WN_2126
Flight,DL_1690
Flight,DL_1851
Flight,YV_2645
Flight,EV_4275
Flight,YV_3783
Flight,DL_260
Flight,DL_2465
Flight,DL_2819
Flight,DL_2815
Flight,EV_5569
Flight,WN_4467
Flight,WN_2469
Flight,DL_2651
Flight,DL_1255
Flight,WN_383
Flight,YV_2702
Flight,US_849
Flight,WN_1001
Flight,DL_64
Flight,WN_2176
Flight,DL_2031
Flight,WN_711
Flight,CO_1150
Flight,WN_912
Flight,XE_5672
Flight,US_1545
Flight,US_973
Flight,XE_2098
Flight,DL_1726
SecurityDelay,dep_ATL_r12
Flight,DL_1264
Flight,E_4312
Flight,YV_2691
Flight,EV_4970
Flight,US_1883
Flight,WN_1850
Flight,WN_1704
Flight,YV_7274
Flight,YV_7290
Flight,WN_1046
Flight,YV_7252
Flight,WN_950
Flight,WN_2710
Flight,EV_4980
Flight,WN_1697
Flight,WN_15
Flight,MQ_4192
Flight,US_1860
Flight,US_1661
Flight,US_1404
Flight,XE_5956
Flight,WN_2778
Flight,OH_6658
Flight,XE_2988
Flight,EV_7119
Flight,OO_5626
Flight,DL_998
Flight,DL_690
Flight,FL_294
Flight,EV_5084
Flight,DL_1964
Flight,XE_6041
Flight,DL_1737
Flight,WN_2473
Flight,OO_4706
Flight,WN_4900
Flight,DL_1794
Flight,DL_731
Flight,EV_7399
Flight,WN_2934
Flight,EV_5720
Flight,YV_3794
Flight,WN_514
Flight,WN_371
Flight,WN_1674
Flight,DL_833
Flight,E_3981
Flight,EV_4111
Flight,WN_855
Flight,EV_4358
Flight,WN_1403
Snow,wea_des
Flight,DL_1957
Flight,WN_22
Flight,WN_212
Flight,WN_367
Flight,WN_1080
Flight,FL_935
Flight,DL_1931
Flight,XE_5938
Flight,WN_215
Flight,DL_1612
Flight,AA_744
Flight,WN_4112
Flight,DL_1579
Flight,DL_2378
Flight,DL_2214
Flight,DL_2032
Flight,E_3742
Flight,DL_957
Flight,DL_1115
Flight,DL_2800
Flight,WN_1293
Flight,WN_5891
Flight,WN_6117
Flight,WN_6033
Flight,AA_416
Flight,AA_451
Flight,WN_6762
Flight,WN_4084
Flight,WN_5568
Flight,DL_1588
Flight,WN_3536
Flight,OO_5222
Flight,DL_1447
Flight,DL_1051
Flight,DL_1263
Flight,FL_1951
